Date,Historical Adj Close,Volume,Daily New Cases,Adj Close
2014-10-01 00:00:00,90.459999,24419400,0,86.099998
2014-10-02 00:00:00,88.75,24029600,0,87.059998
2014-10-03 00:00:00,88.849998,21469700,0,88.099998
2014-10-06 00:00:00,86.099998,18485700,0,88.309998
2014-10-07 00:00:00,87.059998,9268400,0,87.669998
2014-10-08 00:00:00,88.099998,12791700,0,88.300003
2014-10-09 00:00:00,88.309998,10252600,0,88.790001
2014-10-10 00:00:00,87.669998,21507000,0,85.879997
2014-10-13 00:00:00,88.300003,15431400,0,85.120003
2014-10-14 00:00:00,88.790001,14845000,0,84.949997
2014-10-15 00:00:00,85.879997,15559200,0,85.599998
2014-10-16 00:00:00,85.120003,16824300,0,88.849998
2014-10-17 00:00:00,84.949997,15232000,0,87.910004
2014-10-20 00:00:00,85.599998,17360700,0,88.260002
2014-10-21 00:00:00,88.849998,9891400,0,90.900002
2014-10-22 00:00:00,87.910004,23243800,0,91.629997
2014-10-23 00:00:00,88.260002,20364500,0,94.449997
2014-10-24 00:00:00,90.900002,20641000,0,95.760002
2014-10-27 00:00:00,91.629997,32132600,0,97.790001
2014-10-28 00:00:00,94.449997,28302400,0,99.68
2014-10-29 00:00:00,95.760002,32127600,0,98.309998
2014-10-30 00:00:00,97.790001,28655400,0,98.730003
2014-10-31 00:00:00,99.68,15484600,0,98.599998
2014-11-03 00:00:00,98.309998,18128300,0,101.800003
2014-11-04 00:00:00,98.730003,40883700,0,106.07
2014-11-05 00:00:00,98.599998,67814000,0,108.669998
2014-11-06 00:00:00,101.800003,48344000,0,111.57
2014-11-07 00:00:00,106.07,33609000,0,114.559998
2014-11-10 00:00:00,108.669998,51457000,0,119.150002
2014-11-11 00:00:00,111.57,75971000,0,114.540001
2014-11-12 00:00:00,114.559998,70983600,0,118.199997
2014-11-13 00:00:00,119.150002,53908000,0,114.839996
2014-11-14 00:00:00,114.540001,62163000,0,115.099998
2014-11-17 00:00:00,118.199997,29849000,0,114.25
2014-11-18 00:00:00,114.839996,22573000,0,110.809998
2014-11-19 00:00:00,115.099998,41098000,0,108.82
2014-11-20 00:00:00,114.25,46841000,0,109.82
2014-11-21 00:00:00,110.809998,36489000,0,110.730003
2014-11-24 00:00:00,108.82,27432000,0,113.919998
2014-11-25 00:00:00,109.82,20646000,0,113.470001
2014-11-26 00:00:00,110.730003,23485000,0,112.669998
2014-11-28 00:00:00,113.919998,11794700,0,111.639999
2014-12-01 00:00:00,113.470001,8077800,0,105.989998
2014-12-02 00:00:00,112.669998,38464200,0,109.889999
2014-12-03 00:00:00,111.639999,18785000,0,110.639999
2014-12-04 00:00:00,105.989998,16221100,0,109.169998
2014-12-05 00:00:00,109.889999,10779300,0,107.900002
2014-12-08 00:00:00,110.639999,12148100,0,105.07
2014-12-09 00:00:00,109.169998,19217300,0,107.480003
2014-12-10 00:00:00,107.900002,24866800,0,103.879997
2014-12-11 00:00:00,105.07,18466700,0,104.970001
2014-12-12 00:00:00,107.480003,15684300,0,105.110001
2014-12-15 00:00:00,103.879997,14537600,0,104.699997
2014-12-16 00:00:00,104.970001,16521800,0,105.769997
2014-12-17 00:00:00,105.110001,21700600,0,109.019997
2014-12-18 00:00:00,104.699997,17311100,0,109.25
2014-12-19 00:00:00,105.769997,22788100,0,110.650002
2014-12-22 00:00:00,109.019997,14857800,0,108.769997
2014-12-23 00:00:00,109.25,13041200,0,105.519997
2014-12-24 00:00:00,110.650002,19096300,0,105.949997
2014-12-26 00:00:00,108.769997,5870400,0,105.949997
2014-12-29 00:00:00,105.519997,6529100,0,105.980003
2014-12-30 00:00:00,105.949997,8068600,0,105.75
2014-12-31 00:00:00,105.949997,10205700,0,103.940002
2015-01-02 00:00:00,105.980003,10221600,0,103.599998
2015-01-05 00:00:00,105.75,12303400,0,101
2015-01-06 00:00:00,103.940002,18337000,0,103.32
2015-01-07 00:00:00,103.599998,15720400,0,102.129997
2015-01-08 00:00:00,101,11052200,0,105.029999
2015-01-09 00:00:00,103.32,12942100,0,103.019997
2015-01-12 00:00:00,102.129997,10222200,0,101.620003
2015-01-13 00:00:00,105.029999,7997200,0,100.769997
2015-01-14 00:00:00,103.019997,11294400,0,99.580002
2015-01-15 00:00:00,101.620003,17808000,0,96.309998
2015-01-16 00:00:00,100.769997,18260100,0,96.889999
2015-01-20 00:00:00,99.580002,13327900,0,100.040001
2015-01-21 00:00:00,96.309998,12105600,0,103.290001
2015-01-22 00:00:00,96.889999,15186900,0,104
2015-01-23 00:00:00,100.040001,11433000,0,103.110001
2015-01-26 00:00:00,103.290001,9873800,0,103.989998
2015-01-27 00:00:00,104,10664900,0,102.940002
2015-01-28 00:00:00,103.110001,15659900,0,98.449997
2015-01-29 00:00:00,103.989998,42144700,0,89.809998
2015-01-30 00:00:00,102.940002,76561400,0,89.080002
2015-02-02 00:00:00,98.449997,36806900,0,90.129997
2015-02-03 00:00:00,89.809998,18865300,0,90.610001
2015-02-04 00:00:00,89.080002,13512300,0,90
2015-02-05 00:00:00,90.129997,14643600,0,87
2015-02-06 00:00:00,90.610001,28926200,0,85.68
2015-02-09 00:00:00,90,17632100,0,86
2015-02-10 00:00:00,87,12109500,0,87.260002
2015-02-11 00:00:00,85.68,12043300,0,86
2015-02-12 00:00:00,86,12391900,0,87.099998
2015-02-13 00:00:00,87.260002,15177800,0,89.050003
2015-02-17 00:00:00,86,14665200,0,86.849998
2015-02-18 00:00:00,87.099998,15191700,0,86.739998
2015-02-19 00:00:00,89.050003,7422300,0,86.889999
2015-02-20 00:00:00,86.849998,7604100,0,86.639999
2015-02-23 00:00:00,86.739998,7821700,0,85.470001
2015-02-24 00:00:00,86.889999,9367900,0,84.690002
2015-02-25 00:00:00,86.639999,15846400,0,86.190002
2015-02-26 00:00:00,85.470001,13645700,0,85.370003
2015-02-27 00:00:00,84.690002,8763300,0,85.120003
2015-03-02 00:00:00,86.190002,8377200,0,84
2015-03-03 00:00:00,85.370003,11213400,0,81.580002
2015-03-04 00:00:00,85.120003,39246100,0,85.489998
2015-03-05 00:00:00,84,36607200,0,86.099998
2015-03-06 00:00:00,81.580002,18514800,0,84.400002
2015-03-09 00:00:00,85.489998,10673700,0,82.529999
2015-03-10 00:00:00,86.099998,17616500,0,82.970001
2015-03-11 00:00:00,84.400002,13817000,0,81.989998
2015-03-12 00:00:00,82.529999,12768700,0,81.919998
2015-03-13 00:00:00,82.970001,11232000,0,81.860001
2015-03-16 00:00:00,81.989998,12663300,0,84
2015-03-17 00:00:00,81.919998,16905700,0,84.5
2015-03-18 00:00:00,81.860001,17639000,0,84.589996
2015-03-19 00:00:00,84,35663000,0,85.739998
2015-03-20 00:00:00,84.5,30454700,0,85.199997
2015-03-23 00:00:00,84.589996,21181500,0,84.25
2015-03-24 00:00:00,85.739998,11184000,0,83.629997
2015-03-25 00:00:00,85.199997,14545100,0,83.75
2015-03-26 00:00:00,84.25,13507200,0,84.169998
2015-03-27 00:00:00,83.629997,12208000,0,84.580002
2015-03-30 00:00:00,83.75,9703800,0,83.900002
2015-03-31 00:00:00,84.169998,10020500,0,83.239998
2015-04-01 00:00:00,84.580002,11812900,0,82.360001
2015-04-02 00:00:00,83.900002,14896400,0,82.279999
2015-04-06 00:00:00,83.239998,19868200,0,81.82
2015-04-07 00:00:00,82.360001,12810500,0,82.209999
2015-04-08 00:00:00,82.279999,9443000,0,85.389999
2015-04-09 00:00:00,81.82,26161500,0,86.139999
2015-04-10 00:00:00,82.209999,27800400,0,84.580002
2015-04-13 00:00:00,85.389999,18300300,0,84.279999
2015-04-14 00:00:00,86.139999,15797100,0,85
2015-04-15 00:00:00,84.580002,11819000,0,84.669998
2015-04-16 00:00:00,84.279999,12225800,0,84.059998
2015-04-17 00:00:00,85,12048600,0,81.900002
2015-04-20 00:00:00,84.669998,22791800,0,82.199997
2015-04-21 00:00:00,84.059998,13471000,0,82.419998
2015-04-22 00:00:00,81.900002,10056000,0,82.050003
2015-04-23 00:00:00,82.199997,13316900,0,82.279999
2015-04-24 00:00:00,82.419998,11483300,0,84.57
2015-04-27 00:00:00,82.050003,21058400,0,84.900002
2015-04-28 00:00:00,82.279999,17434200,0,85.080002
2015-04-29 00:00:00,84.57,11110500,0,82.449997
2015-04-30 00:00:00,84.900002,21098000,0,81.290001
2015-05-01 00:00:00,85.080002,14209700,0,81.169998
2015-05-04 00:00:00,82.449997,17910500,0,80.589996
2015-05-05 00:00:00,81.290001,21551500,0,79.540001
2015-05-06 00:00:00,81.169998,32661900,0,80
2015-05-07 00:00:00,80.589996,24953500,0,86
2015-05-08 00:00:00,79.540001,69448800,0,87.059998
2015-05-11 00:00:00,80,30140600,0,86.720001
2015-05-12 00:00:00,86,19776900,0,86.769997
2015-05-13 00:00:00,87.059998,16077800,0,87.529999
2015-05-14 00:00:00,86.720001,19015900,0,88.400002
2015-05-15 00:00:00,86.769997,12087900,0,88.459999
2015-05-18 00:00:00,87.529999,13424600,0,87.110001
2015-05-19 00:00:00,88.400002,13490200,0,88.209999
2015-05-20 00:00:00,88.459999,20727700,0,90.699997
2015-05-21 00:00:00,87.110001,29812300,0,93.879997
2015-05-22 00:00:00,88.209999,40729400,0,93.269997
2015-05-26 00:00:00,90.699997,22183300,0,92.519997
2015-05-27 00:00:00,93.879997,15674900,0,92.599998
2015-05-28 00:00:00,93.269997,9519300,0,90.949997
2015-05-29 00:00:00,92.519997,14213000,0,89.32
2015-06-01 00:00:00,92.599998,13893200,0,90.779999
2015-06-02 00:00:00,90.949997,9905900,0,90.510002
2015-06-03 00:00:00,89.32,9865300,0,90.790001
2015-06-04 00:00:00,90.779999,9428000,0,90.589996
2015-06-05 00:00:00,90.510002,8689000,0,90.709999
2015-06-08 00:00:00,90.790001,11353900,0,88.290001
2015-06-09 00:00:00,90.589996,15603000,0,87.580002
2015-06-10 00:00:00,90.709999,16081800,0,88.900002
2015-06-11 00:00:00,88.290001,12551300,0,87.209999
2015-06-12 00:00:00,87.580002,13716200,0,86.629997
2015-06-15 00:00:00,88.900002,9977100,0,86.120003
2015-06-16 00:00:00,87.209999,10230400,0,86.089996
2015-06-17 00:00:00,86.629997,10974200,0,86.800003
2015-06-18 00:00:00,86.120003,10241500,0,86.75
2015-06-19 00:00:00,86.089996,11737200,0,85.739998
2015-06-22 00:00:00,86.800003,10317000,0,85.68
2015-06-23 00:00:00,86.75,7154200,0,85.080002
2015-06-24 00:00:00,85.739998,11411300,0,85.169998
2015-06-25 00:00:00,85.68,9434300,0,85.239998
2015-06-26 00:00:00,85.080002,8949800,0,83.279999
2015-06-29 00:00:00,85.169998,12668600,0,81.07
2015-06-30 00:00:00,85.239998,15199800,0,82.269997
2015-07-01 00:00:00,83.279999,12551400,0,82.459999
2015-07-02 00:00:00,81.07,5950000,0,82.07
2015-07-06 00:00:00,82.269997,6760200,0,80.230003
2015-07-07 00:00:00,82.459999,11864200,0,79.620003
2015-07-08 00:00:00,82.07,34221700,0,77.940002
2015-07-09 00:00:00,80.230003,22714900,0,79.040001
2015-07-10 00:00:00,79.620003,19778700,0,80.300003
2015-07-13 00:00:00,77.940002,11224500,0,81.860001
2015-07-14 00:00:00,79.040001,10350500,0,81.5
2015-07-15 00:00:00,80.300003,7519300,0,80.730003
2015-07-16 00:00:00,81.860001,9514200,0,81.529999
2015-07-17 00:00:00,81.5,8604500,0,83.360001
2015-07-20 00:00:00,80.730003,14505400,0,82.669998
2015-07-21 00:00:00,81.529999,8126100,0,82.540001
2015-07-22 00:00:00,83.360001,5750700,0,84.150002
2015-07-23 00:00:00,82.669998,11209200,0,83.879997
2015-07-24 00:00:00,82.540001,7452300,0,83.019997
2015-07-27 00:00:00,84.150002,8759900,0,81.400002
2015-07-28 00:00:00,83.879997,12185700,0,80.559998
2015-07-29 00:00:00,83.019997,12122800,0,80.260002
2015-07-30 00:00:00,81.400002,7177100,0,79.959999
2015-07-31 00:00:00,80.559998,6934700,0,78.339996
2015-08-03 00:00:00,80.260002,12687000,0,77.989998
2015-08-04 00:00:00,79.959999,9277000,0,78.870003
2015-08-05 00:00:00,78.339996,8501200,0,79.82
2015-08-06 00:00:00,77.989998,7502600,0,78.959999
2015-08-07 00:00:00,78.870003,9297800,0,78.82
2015-08-10 00:00:00,79.82,8738800,0,80.470001
2015-08-11 00:00:00,78.959999,11276700,0,77.339996
2015-08-12 00:00:00,78.82,22976600,0,73.379997
2015-08-13 00:00:00,80.470001,41093200,0,75.110001
2015-08-14 00:00:00,77.339996,23230700,0,74.760002
2015-08-17 00:00:00,73.379997,12367300,0,75.190002
2015-08-18 00:00:00,75.110001,12677400,0,73.879997
2015-08-19 00:00:00,74.760002,11155100,0,73.120003
2015-08-20 00:00:00,75.190002,18179400,0,70.32
2015-08-21 00:00:00,73.879997,20995600,0,68.18
2015-08-24 00:00:00,73.120003,29128600,0,65.800003
2015-08-25 00:00:00,70.32,31376400,0,68.57
2015-08-26 00:00:00,68.18,29948400,0,68.660004
2015-08-27 00:00:00,65.800003,26389200,0,70.839996
2015-08-28 00:00:00,68.57,18123800,0,70.07
2015-08-31 00:00:00,68.660004,10604600,0,66.120003
2015-09-01 00:00:00,70.839996,18479900,0,64.830002
2015-09-02 00:00:00,70.07,23460900,0,65.540001
2015-09-03 00:00:00,66.120003,13376300,0,66.470001
2015-09-04 00:00:00,64.830002,15803200,0,63.91
2015-09-08 00:00:00,65.540001,18186400,0,60.91
2015-09-09 00:00:00,66.470001,50328400,0,64.040001
2015-09-10 00:00:00,63.91,33147900,0,63.830002
2015-09-11 00:00:00,60.91,13281600,0,64.629997
2015-09-14 00:00:00,64.040001,17747000,0,62.599998
2015-09-15 00:00:00,63.830002,26763300,0,64.849998
2015-09-16 00:00:00,64.629997,29035000,0,67.230003
2015-09-17 00:00:00,62.599998,25801000,0,66
2015-09-18 00:00:00,64.849998,16594600,0,65.75
2015-09-21 00:00:00,67.230003,20127300,0,63.900002
2015-09-22 00:00:00,66,22355100,0,61.900002
2015-09-23 00:00:00,65.75,14897900,0,60
2015-09-24 00:00:00,63.900002,22684600,0,59.919998
2015-09-25 00:00:00,61.900002,20645700,0,59.240002
2015-09-28 00:00:00,60,17009100,0,57.389999
2015-09-29 00:00:00,59.919998,20661600,0,57.82
2015-09-30 00:00:00,59.240002,16771000,0,58.970001
2015-10-01 00:00:00,57.389999,16767100,0,58.869999
2015-10-02 00:00:00,57.82,8147700,0,63.200001
2015-10-05 00:00:00,58.970001,22356300,0,63.93
2015-10-06 00:00:00,58.869999,13583500,0,63.919998
2015-10-07 00:00:00,63.200001,9620900,0,66.279999
2015-10-08 00:00:00,63.93,15770100,0,67.699997
2015-10-09 00:00:00,63.919998,18667500,0,68.709999
2015-10-12 00:00:00,66.279999,14762900,0,70.300003
2015-10-13 00:00:00,67.699997,15549100,0,69.68
2015-10-14 00:00:00,68.709999,13052800,0,68.540001
2015-10-15 00:00:00,70.300003,12286100,0,71.779999
2015-10-16 00:00:00,69.68,18203000,0,71.989998
2015-10-19 00:00:00,68.540001,15953500,0,72.650002
2015-10-20 00:00:00,71.779999,10886900,0,71.790001
2015-10-21 00:00:00,71.989998,11093400,0,69.480003
2015-10-22 00:00:00,72.650002,16800200,0,70.989998
2015-10-23 00:00:00,71.790001,10811400,0,75.620003
2015-10-26 00:00:00,69.480003,22510800,0,76.349998
2015-10-27 00:00:00,70.989998,24819700,0,79.440002
2015-10-28 00:00:00,75.620003,50815800,0,82.349998
2015-10-29 00:00:00,76.349998,25027100,0,82.220001
2015-10-30 00:00:00,79.440002,16431700,0,83.830002
2015-11-02 00:00:00,82.349998,20740500,0,84.349998
2015-11-03 00:00:00,82.220001,13827400,0,83.440002
2015-11-04 00:00:00,83.830002,11641300,0,85.400002
2015-11-05 00:00:00,84.349998,23728500,0,85.379997
2015-11-06 00:00:00,83.440002,20657200,0,83.610001
2015-11-09 00:00:00,85.400002,38531000,0,81.379997
2015-11-10 00:00:00,85.379997,19091500,0,81.43
2015-11-11 00:00:00,83.610001,22004400,0,79.849998
2015-11-12 00:00:00,81.379997,29636600,0,78.760002
2015-11-13 00:00:00,81.43,18839800,0,75.849998
2015-11-16 00:00:00,79.849998,24235500,0,78.300003
2015-11-17 00:00:00,78.760002,17045500,0,78.129997
2015-11-18 00:00:00,75.849998,12471400,0,77.690002
2015-11-19 00:00:00,78.300003,16735400,0,77.870003
2015-11-20 00:00:00,78.129997,15692700,0,79.949997
2015-11-23 00:00:00,77.690002,21025800,0,81.309998
2015-11-24 00:00:00,77.870003,18766400,0,80.860001
2015-11-25 00:00:00,79.949997,15283600,0,81.709999
2015-11-27 00:00:00,81.309998,16330900,0,81.379997
2015-11-30 00:00:00,80.860001,12599900,0,84.080002
2015-12-01 00:00:00,81.709999,97914100,0,84
2015-12-02 00:00:00,81.379997,26235500,0,85
2015-12-03 00:00:00,84.080002,36611500,0,82.589996
2015-12-04 00:00:00,84,23029200,0,84.849998
2015-12-07 00:00:00,85,15555000,0,84.760002
2015-12-08 00:00:00,82.589996,11875500,0,84.379997
2015-12-09 00:00:00,84.849998,14667400,0,83.419998
2015-12-10 00:00:00,84.760002,21919200,0,84.330002
2015-12-11 00:00:00,84.379997,10474700,0,79.739998
2015-12-14 00:00:00,83.419998,20793600,0,80.57
2015-12-15 00:00:00,84.330002,12077700,0,82.489998
2015-12-16 00:00:00,79.739998,13054800,0,84.629997
2015-12-17 00:00:00,80.57,16575600,0,83.559998
2015-12-18 00:00:00,82.489998,13003000,0,82.650002
2015-12-21 00:00:00,84.629997,12168700,0,82.870003
2015-12-22 00:00:00,83.559998,8094600,0,84.839996
2015-12-23 00:00:00,82.650002,12778200,0,84.800003
2015-12-24 00:00:00,82.870003,11238500,0,83.709999
2015-12-28 00:00:00,84.839996,3775300,0,82.139999
2015-12-29 00:00:00,84.800003,9319400,0,83.260002
2015-12-30 00:00:00,83.709999,6942700,0,81.68
2015-12-31 00:00:00,82.139999,6984300,0,81.269997
2016-01-04 00:00:00,83.260002,6744500,0,76.690002
2016-01-05 00:00:00,81.68,23066300,0,78.629997
2016-01-06 00:00:00,81.269997,14258900,0,77.330002
2016-01-07 00:00:00,76.690002,11569300,0,72.720001
2016-01-08 00:00:00,78.629997,27288100,0,70.800003
2016-01-11 00:00:00,77.330002,20814600,0,69.919998
2016-01-12 00:00:00,72.720001,16961400,0,72.68
2016-01-13 00:00:00,70.800003,13456000,0,70.290001
2016-01-14 00:00:00,69.919998,12480200,0,72.25
2016-01-15 00:00:00,72.68,17719600,0,69.589996
2016-01-19 00:00:00,70.290001,20722500,0,70.129997
2016-01-20 00:00:00,72.25,17421700,0,68.709999
2016-01-21 00:00:00,69.589996,19464400,0,70.720001
2016-01-22 00:00:00,70.129997,16576500,0,70.370003
2016-01-25 00:00:00,68.709999,15834700,0,69.720001
2016-01-26 00:00:00,70.720001,14782800,0,69.769997
2016-01-27 00:00:00,70.370003,11473300,0,69.540001
2016-01-28 00:00:00,69.720001,18257600,0,66.919998
2016-01-29 00:00:00,69.769997,33165100,0,67.029999
2016-02-01 00:00:00,69.540001,25594700,0,67.029999
2016-02-02 00:00:00,66.919998,16213800,0,65.089996
2016-02-03 00:00:00,67.029999,19150800,0,63.439999
2016-02-04 00:00:00,67.029999,31918600,0,64.860001
2016-02-05 00:00:00,65.089996,22911500,0,62.639999
2016-02-08 00:00:00,63.439999,12842800,0,61.099998
2016-02-09 00:00:00,64.860001,16157900,0,61.389999
2016-02-10 00:00:00,62.639999,12738300,0,61.779999
2016-02-11 00:00:00,61.099998,8998600,0,60.57
2016-02-12 00:00:00,61.389999,15008500,0,60.889999
2016-02-16 00:00:00,61.779999,13669600,0,66.290001
2016-02-17 00:00:00,60.57,21735400,0,66.379997
2016-02-18 00:00:00,60.889999,14457100,0,66.519997
2016-02-19 00:00:00,66.290001,14547800,0,67.279999
2016-02-22 00:00:00,66.379997,12334900,0,68.839996
2016-02-23 00:00:00,66.519997,13405400,0,66.970001
2016-02-24 00:00:00,67.279999,12930600,0,67.230003
2016-02-25 00:00:00,68.839996,10781500,0,66.660004
2016-02-26 00:00:00,66.970001,14686100,0,66.910004
2016-02-29 00:00:00,67.230003,12084100,0,68.809998
2016-03-01 00:00:00,66.660004,17984200,0,70.860001
2016-03-02 00:00:00,66.910004,14007700,0,71.25
2016-03-03 00:00:00,68.809998,10503000,0,71.019997
2016-03-04 00:00:00,70.860001,11596400,0,72.220001
2016-03-07 00:00:00,71.25,10763600,0,72.889999
2016-03-08 00:00:00,71.019997,11244500,0,71.07
2016-03-09 00:00:00,72.220001,8670700,0,72.43
2016-03-10 00:00:00,72.889999,7283400,0,71.970001
2016-03-11 00:00:00,71.07,11247900,0,74.010002
2016-03-14 00:00:00,72.43,11219200,0,73.349998
2016-03-15 00:00:00,71.970001,11069800,0,72.230003
2016-03-16 00:00:00,74.010002,8373700,0,73.5
2016-03-17 00:00:00,73.349998,7701200,0,74.25
2016-03-18 00:00:00,72.230003,9423900,0,76.25
2016-03-21 00:00:00,73.5,13350100,0,78.110001
2016-03-22 00:00:00,74.25,15493300,0,78.18
2016-03-23 00:00:00,76.25,9148400,0,76.559998
2016-03-24 00:00:00,78.110001,10806800,0,75.860001
2016-03-28 00:00:00,78.18,8833400,0,76.480003
2016-03-29 00:00:00,76.559998,6082100,0,78.080002
2016-03-30 00:00:00,75.860001,12535000,0,78.860001
2016-03-31 00:00:00,76.480003,10696000,0,79.029999
2016-04-01 00:00:00,78.080002,11318500,0,78.730003
2016-04-04 00:00:00,78.860001,9262200,0,79.080002
2016-04-05 00:00:00,79.029999,9817300,0,77.32
2016-04-06 00:00:00,78.730003,9603900,0,78.68
2016-04-07 00:00:00,79.080002,9071900,0,77.610001
2016-04-08 00:00:00,77.32,10937900,0,77.470001
2016-04-11 00:00:00,78.68,8401200,0,77.709999
2016-04-12 00:00:00,77.610001,7896500,0,77.860001
2016-04-13 00:00:00,77.470001,7115400,0,79.639999
2016-04-14 00:00:00,77.709999,14150900,0,79.610001
2016-04-15 00:00:00,77.860001,12611500,0,78.970001
2016-04-18 00:00:00,79.639999,11709100,0,79.010002
2016-04-19 00:00:00,79.610001,7767000,0,79.459999
2016-04-20 00:00:00,78.970001,14742000,0,81.209999
2016-04-21 00:00:00,79.010002,14911900,0,80.779999
2016-04-22 00:00:00,79.459999,8819000,0,79.889999
2016-04-25 00:00:00,81.209999,8649300,0,78.839996
2016-04-26 00:00:00,80.779999,9207600,0,78.610001
2016-04-27 00:00:00,79.889999,9632700,0,77.650002
2016-04-28 00:00:00,78.839996,11491900,0,76.400002
2016-04-29 00:00:00,78.610001,9959900,0,76.940002
2016-05-02 00:00:00,77.650002,10124300,0,76.610001
2016-05-03 00:00:00,76.400002,7718100,0,75.910004
2016-05-04 00:00:00,76.940002,8019200,0,75.82
2016-05-05 00:00:00,76.610001,14326600,0,78.830002
2016-05-06 00:00:00,75.910004,27950900,0,79.199997
2016-05-09 00:00:00,75.82,12862100,0,79.410004
2016-05-10 00:00:00,78.830002,11795800,0,79.720001
2016-05-11 00:00:00,79.199997,9319700,0,79.800003
2016-05-12 00:00:00,79.410004,11072500,0,79.160004
2016-05-13 00:00:00,79.720001,8791400,0,77.160004
2016-05-16 00:00:00,79.800003,10078000,0,79.290001
2016-05-17 00:00:00,79.160004,11661000,0,79.349998
2016-05-18 00:00:00,77.160004,10970700,0,79.029999
2016-05-19 00:00:00,79.290001,9085800,0,78.32
2016-05-20 00:00:00,79.349998,8317500,0,78.790001
2016-05-23 00:00:00,79.029999,11043900,0,79
2016-05-24 00:00:00,78.32,7187500,0,81.120003
2016-05-25 00:00:00,78.790001,16707700,0,75.589996
2016-05-26 00:00:00,79,49606600,0,78.349998
2016-05-27 00:00:00,81.120003,26968600,0,80.970001
2016-05-31 00:00:00,75.589996,24552900,0,82
2016-06-01 00:00:00,78.349998,78861400,0,76.690002
2016-06-02 00:00:00,80.970001,62531500,0,77.300003
2016-06-03 00:00:00,82,45379500,0,76.620003
2016-06-06 00:00:00,76.690002,23685700,0,78.059998
2016-06-07 00:00:00,77.300003,19166100,0,77.839996
2016-06-08 00:00:00,76.620003,12878000,0,77.639999
2016-06-09 00:00:00,78.059998,11614100,0,77.559998
2016-06-10 00:00:00,77.839996,8994400,0,75.919998
2016-06-13 00:00:00,77.639999,10421100,0,75.449997
2016-06-14 00:00:00,77.559998,11300800,0,77.769997
2016-06-15 00:00:00,75.919998,22358900,0,78.389999
2016-06-16 00:00:00,75.449997,14734800,0,78.269997
2016-06-17 00:00:00,77.769997,13570700,0,77
2016-06-20 00:00:00,78.389999,15582600,0,78.150002
2016-06-21 00:00:00,78.269997,9625600,0,78.620003
2016-06-22 00:00:00,77,8881800,0,78.730003
2016-06-23 00:00:00,78.150002,8170900,0,79.139999
2016-06-24 00:00:00,78.620003,8279500,0,76.290001
2016-06-27 00:00:00,78.730003,18224800,0,74.230003
2016-06-28 00:00:00,79.139999,15131300,0,76.279999
2016-06-29 00:00:00,76.290001,11266200,0,78.040001
2016-06-30 00:00:00,74.230003,11460000,0,79.529999
2016-07-01 00:00:00,76.279999,12485300,0,79.650002
2016-07-05 00:00:00,78.040001,7271300,0,78.970001
2016-07-06 00:00:00,79.529999,6845200,0,78.639999
2016-07-07 00:00:00,79.650002,7737600,0,79.349998
2016-07-08 00:00:00,78.970001,6819200,0,78.989998
2016-07-11 00:00:00,78.639999,14029100,0,81.459999
2016-07-12 00:00:00,79.349998,17417500,0,81.739998
2016-07-13 00:00:00,78.989998,15294100,0,80.57
2016-07-14 00:00:00,81.459999,10739200,0,81.739998
2016-07-15 00:00:00,81.739998,9361500,0,81.25
2016-07-18 00:00:00,80.57,8919900,0,82.650002
2016-07-19 00:00:00,81.739998,12113600,0,82.769997
2016-07-20 00:00:00,81.25,9799400,0,84.419998
2016-07-21 00:00:00,82.650002,13991000,0,84.18
2016-07-22 00:00:00,82.769997,10163500,0,84.489998
2016-07-25 00:00:00,84.419998,5988400,0,83.190002
2016-07-26 00:00:00,84.18,13185900,0,83.589996
2016-07-27 00:00:00,84.489998,7714700,0,83.099998
2016-07-28 00:00:00,83.190002,11629000,0,83.120003
2016-07-29 00:00:00,83.589996,7476500,0,82.480003
2016-08-01 00:00:00,83.099998,8709300,0,84.339996
2016-08-02 00:00:00,83.120003,13401200,0,83.800003
2016-08-03 00:00:00,82.480003,7691600,0,83.669998
2016-08-04 00:00:00,84.339996,5365800,0,84.75
2016-08-05 00:00:00,83.800003,10731600,0,84.589996
2016-08-08 00:00:00,83.669998,9401700,0,85
2016-08-09 00:00:00,84.75,11528200,0,85.239998
2016-08-10 00:00:00,84.589996,15349200,0,87.330002
2016-08-11 00:00:00,85,28195900,0,91.769997
2016-08-12 00:00:00,85.239998,54169200,0,98.25
2016-08-15 00:00:00,87.330002,71968300,0,97.169998
2016-08-16 00:00:00,91.769997,33813400,0,96.660004
2016-08-17 00:00:00,98.25,27514000,0,97
2016-08-18 00:00:00,97.169998,14980900,0,97
2016-08-19 00:00:00,96.660004,15009000,0,96.860001
2016-08-22 00:00:00,97,14267100,0,95.650002
2016-08-23 00:00:00,97,16222900,0,95.790001
2016-08-24 00:00:00,96.860001,9646800,0,93.879997
2016-08-25 00:00:00,95.650002,12726600,0,93.940002
2016-08-26 00:00:00,95.790001,13039900,0,95.059998
2016-08-29 00:00:00,93.879997,14133900,0,94.879997
2016-08-30 00:00:00,93.940002,8818300,0,96
2016-08-31 00:00:00,95.059998,13994200,0,97.190002
2016-09-01 00:00:00,94.879997,28617000,0,97.419998
2016-09-02 00:00:00,96,13387400,0,99.25
2016-09-06 00:00:00,97.190002,17482600,0,103.779999
2016-09-07 00:00:00,97.419998,32803800,0,102.32
2016-09-08 00:00:00,99.25,15758800,0,102.57
2016-09-09 00:00:00,103.779999,15475500,0,99.620003
2016-09-12 00:00:00,102.32,21250400,0,100.800003
2016-09-13 00:00:00,102.57,17318200,0,100.279999
2016-09-14 00:00:00,99.620003,20004900,0,102.400002
2016-09-15 00:00:00,100.800003,19604700,0,104.449997
2016-09-16 00:00:00,100.279999,20795900,0,104.639999
2016-09-19 00:00:00,102.400002,20363500,0,103.029999
2016-09-20 00:00:00,104.449997,15234600,0,101.360001
2016-09-21 00:00:00,104.639999,12863800,0,106
2016-09-22 00:00:00,103.029999,22997100,0,109.360001
2016-09-23 00:00:00,101.360001,35627700,0,107.709999
2016-09-26 00:00:00,106,23083000,0,105.889999
2016-09-27 00:00:00,109.360001,16805300,0,108.260002
2016-09-28 00:00:00,107.709999,17556700,0,108.75
2016-09-29 00:00:00,105.889999,16371600,0,105.550003
2016-09-30 00:00:00,108.260002,30236700,0,105.790001
2016-10-03 00:00:00,108.75,15577500,0,105.379997
2016-10-04 00:00:00,105.550003,10849500,0,105.449997
2016-10-05 00:00:00,105.790001,11068800,0,106.959999
2016-10-06 00:00:00,105.379997,13176500,0,107.080002
2016-10-07 00:00:00,105.449997,9885600,0,106
2016-10-10 00:00:00,106.959999,8954400,0,108.410004
2016-10-11 00:00:00,107.080002,11516600,0,105.230003
2016-10-12 00:00:00,106,14916600,0,103.620003
2016-10-13 00:00:00,108.410004,18435000,0,102.150002
2016-10-14 00:00:00,105.230003,22390000,0,101.849998
2016-10-17 00:00:00,103.620003,12789500,0,102.839996
2016-10-18 00:00:00,102.150002,10351700,0,103.339996
2016-10-19 00:00:00,101.849998,11107200,0,103.93
2016-10-20 00:00:00,102.839996,8918900,0,103.849998
2016-10-21 00:00:00,103.339996,7109800,0,103.940002
2016-10-24 00:00:00,103.93,8073100,0,104.5
2016-10-25 00:00:00,103.849998,10898800,0,104.220001
2016-10-26 00:00:00,103.940002,8985700,0,102.779999
2016-10-27 00:00:00,104.5,7579800,0,102.379997
2016-10-28 00:00:00,104.220001,8807100,0,101.93
2016-10-31 00:00:00,102.779999,8479500,0,101.690002
2016-11-01 00:00:00,102.379997,15837900,0,101.150002
2016-11-02 00:00:00,101.93,21287300,0,98.510002
2016-11-03 00:00:00,101.690002,36939900,0,97.75
2016-11-04 00:00:00,101.150002,17412600,0,97.57
2016-11-07 00:00:00,98.510002,9048500,0,99.349998
2016-11-08 00:00:00,97.75,11198300,0,99.849998
2016-11-09 00:00:00,97.57,8091100,0,96.669998
2016-11-10 00:00:00,99.349998,20948000,0,94.339996
2016-11-11 00:00:00,99.849998,27346700,0,92.989998
2016-11-14 00:00:00,96.669998,23725800,0,89.769997
2016-11-15 00:00:00,94.339996,27356200,0,91
2016-11-16 00:00:00,92.989998,16723000,0,92.860001
2016-11-17 00:00:00,89.769997,14079700,0,94.07
2016-11-18 00:00:00,91,10380200,0,93.389999
2016-11-21 00:00:00,92.860001,10032600,0,93.410004
2016-11-22 00:00:00,94.07,8960000,0,93.209999
2016-11-23 00:00:00,93.389999,10403600,0,93.029999
2016-11-25 00:00:00,93.410004,11721700,0,93.010002
2016-11-28 00:00:00,93.209999,4868500,0,93.760002
2016-11-29 00:00:00,93.029999,14340100,0,94.989998
2016-11-30 00:00:00,93.010002,14146900,0,94.019997
2016-12-01 00:00:00,93.760002,11447700,0,89.860001
2016-12-02 00:00:00,94.989998,24030700,0,90.480003
2016-12-05 00:00:00,94.019997,11718800,0,90.989998
2016-12-06 00:00:00,89.860001,8902600,0,90.400002
2016-12-07 00:00:00,90.480003,7787800,0,91.07
2016-12-08 00:00:00,90.989998,13240000,0,92.309998
2016-12-09 00:00:00,90.400002,10919500,0,93.279999
2016-12-12 00:00:00,91.07,9177600,0,92.470001
2016-12-13 00:00:00,92.309998,9355900,0,92.160004
2016-12-14 00:00:00,93.279999,10491300,0,91.190002
2016-12-15 00:00:00,92.470001,9153700,0,88.849998
2016-12-16 00:00:00,92.160004,19215500,0,88.669998
2016-12-19 00:00:00,91.190002,11341500,0,88.93
2016-12-20 00:00:00,88.849998,10226300,0,89.839996
2016-12-21 00:00:00,88.669998,8434700,0,89.25
2016-12-22 00:00:00,88.93,9044900,0,86.800003
2016-12-23 00:00:00,89.839996,14404500,0,86.790001
2016-12-27 00:00:00,89.25,6344000,0,87.540001
2016-12-28 00:00:00,86.800003,5228000,0,87.370003
2016-12-29 00:00:00,86.790001,6421100,0,87.330002
2016-12-30 00:00:00,87.540001,5467100,0,87.809998
2017-01-03 00:00:00,87.370003,7211100,0,88.599998
2017-01-04 00:00:00,87.330002,8789400,0,90.510002
2017-01-05 00:00:00,87.809998,11490200,0,94.370003
2017-01-06 00:00:00,88.599998,16821500,0,93.889999
2017-01-09 00:00:00,90.510002,7639800,0,94.720001
2017-01-10 00:00:00,94.370003,10829500,0,96.75
2017-01-11 00:00:00,93.889999,14780600,0,96.940002
2017-01-12 00:00:00,94.720001,8735900,0,95.900002
2017-01-13 00:00:00,96.75,8424700,0,96.269997
2017-01-17 00:00:00,96.940002,10701100,0,96.120003
2017-01-18 00:00:00,95.900002,6342400,0,96
2017-01-19 00:00:00,96.269997,6610700,0,96.169998
2017-01-20 00:00:00,96.120003,7090000,0,96.059998
2017-01-23 00:00:00,96,9685800,0,98.410004
2017-01-24 00:00:00,96.169998,14090300,0,101.43
2017-01-25 00:00:00,96.059998,37181500,0,104.059998
2017-01-26 00:00:00,98.410004,23322800,0,102.75
2017-01-27 00:00:00,101.43,12504800,0,102.07
2017-01-30 00:00:00,104.059998,8031000,0,101.019997
2017-01-31 00:00:00,102.75,8619800,0,101.309998
2017-02-01 00:00:00,102.07,7530000,0,101.57
2017-02-02 00:00:00,101.019997,5736400,0,100.839996
2017-02-03 00:00:00,101.309998,5371600,0,100.389999
2017-02-06 00:00:00,101.57,6197600,0,100.900002
2017-02-07 00:00:00,100.839996,6866700,0,100.830002
2017-02-08 00:00:00,100.389999,5655600,0,103.57
2017-02-09 00:00:00,100.900002,10178500,0,103.339996
2017-02-10 00:00:00,100.830002,8435800,0,102.360001
2017-02-13 00:00:00,103.57,7680300,0,103.099998
2017-02-14 00:00:00,103.339996,9729000,0,101.589996
2017-02-15 00:00:00,102.360001,10240700,0,101.550003
2017-02-16 00:00:00,103.099998,12384400,0,100.82
2017-02-17 00:00:00,101.589996,7464000,0,100.519997
2017-02-21 00:00:00,101.550003,8258200,0,102.120003
2017-02-22 00:00:00,100.82,8189600,0,104.199997
2017-02-23 00:00:00,100.519997,15779400,0,102.459999
2017-02-24 00:00:00,102.120003,10095600,0,102.949997
2017-02-27 00:00:00,104.199997,7356600,0,103.599998
2017-02-28 00:00:00,102.459999,6865900,0,102.900002
2017-03-01 00:00:00,102.949997,8017500,0,104.040001
2017-03-02 00:00:00,103.599998,10331800,0,103.190002
2017-03-03 00:00:00,102.900002,7983000,0,103.309998
2017-03-06 00:00:00,104.040001,6320900,0,102.309998
2017-03-07 00:00:00,103.190002,6290700,0,102.629997
2017-03-08 00:00:00,103.309998,4985200,0,103.220001
2017-03-09 00:00:00,102.309998,7066700,0,103.239998
2017-03-10 00:00:00,102.629997,4523600,0,103.389999
2017-03-13 00:00:00,103.220001,4120700,0,105.18
2017-03-14 00:00:00,103.239998,16118900,0,104.25
2017-03-15 00:00:00,103.389999,7748400,0,103.690002
2017-03-16 00:00:00,105.18,11695200,0,105.629997
2017-03-17 00:00:00,104.25,12445200,0,105.610001
2017-03-20 00:00:00,103.690002,8778900,0,107.25
2017-03-21 00:00:00,105.629997,12447900,0,105.089996
2017-03-22 00:00:00,105.610001,13877700,0,106.089996
2017-03-23 00:00:00,107.25,7153000,0,108.25
2017-03-24 00:00:00,105.089996,13410800,0,108.040001
2017-03-27 00:00:00,106.089996,7578400,0,108.080002
2017-03-28 00:00:00,108.25,7709400,0,107.800003
2017-03-29 00:00:00,108.040001,6472000,0,109.510002
2017-03-30 00:00:00,108.080002,8788700,0,108.849998
2017-03-31 00:00:00,107.800003,10592500,0,107.830002
2017-04-03 00:00:00,109.510002,9002800,0,108.089996
2017-04-04 00:00:00,108.849998,8391400,0,107.519997
2017-04-05 00:00:00,107.830002,6480100,0,107.440002
2017-04-06 00:00:00,108.089996,8205400,0,108.040001
2017-04-07 00:00:00,107.519997,5211100,0,108.989998
2017-04-10 00:00:00,107.440002,8354900,0,111.699997
2017-04-11 00:00:00,108.040001,14798600,0,110.440002
2017-04-12 00:00:00,108.989998,10012100,0,110.629997
2017-04-13 00:00:00,111.699997,8099800,0,110.209999
2017-04-17 00:00:00,110.440002,6857000,0,111.760002
2017-04-18 00:00:00,110.629997,7128100,0,111.230003
2017-04-19 00:00:00,110.209999,8305100,0,110.760002
2017-04-20 00:00:00,111.760002,9603800,0,112.959999
2017-04-21 00:00:00,111.230003,13773500,0,113.110001
2017-04-24 00:00:00,110.760002,8968300,0,114.860001
2017-04-25 00:00:00,112.959999,13386600,0,115.480003
2017-04-26 00:00:00,113.110001,11434600,0,114.970001
2017-04-27 00:00:00,114.860001,6678800,0,115.43
2017-04-28 00:00:00,115.480003,9441500,0,115.5
2017-05-01 00:00:00,114.970001,6984900,0,116.68
2017-05-02 00:00:00,115.43,7332100,0,118.089996
2017-05-03 00:00:00,115.5,10048200,0,116.57
2017-05-04 00:00:00,116.68,10591100,0,115.860001
2017-05-05 00:00:00,118.089996,6977800,0,116.040001
2017-05-08 00:00:00,116.57,7099400,0,116.860001
2017-05-09 00:00:00,115.860001,6461900,0,120
2017-05-10 00:00:00,116.040001,15219900,0,119.980003
2017-05-11 00:00:00,116.860001,9347300,0,120.160004
2017-05-12 00:00:00,120,11375500,0,120.339996
2017-05-15 00:00:00,119.980003,9823900,0,121.400002
2017-05-16 00:00:00,120.160004,11125500,0,124.019997
2017-05-17 00:00:00,120.339996,18222100,0,120.720001
2017-05-18 00:00:00,121.400002,19834700,0,121.269997
2017-05-19 00:00:00,124.019997,37121900,0,123.220001
2017-05-22 00:00:00,120.720001,21101700,0,124.75
2017-05-23 00:00:00,121.269997,13493200,0,122.93
2017-05-24 00:00:00,123.220001,14370100,0,122.809998
2017-05-25 00:00:00,124.75,8371500,0,123.629997
2017-05-26 00:00:00,122.93,12486500,0,123.989998
2017-05-30 00:00:00,122.809998,7558900,0,123.910004
2017-05-31 00:00:00,123.629997,8343400,0,122.459999
2017-06-01 00:00:00,123.989998,11582200,0,123.970001
2017-06-02 00:00:00,123.910004,8901400,0,124.129997
2017-06-05 00:00:00,122.459999,7342100,0,125.370003
2017-06-06 00:00:00,123.970001,10030600,0,124.620003
2017-06-07 00:00:00,124.129997,9257100,0,125.639999
2017-06-08 00:00:00,125.370003,9431600,0,142.339996
2017-06-09 00:00:00,124.620003,81381500,0,139.440002
2017-06-12 00:00:00,125.639999,54367400,0,139.080002
2017-06-13 00:00:00,142.339996,32177600,0,136.600006
2017-06-14 00:00:00,139.440002,40879600,0,136.669998
2017-06-15 00:00:00,139.080002,32862000,0,135.080002
2017-06-16 00:00:00,136.600006,30510400,0,134.869995
2017-06-19 00:00:00,136.669998,36431300,0,139.470001
2017-06-20 00:00:00,135.080002,24951600,0,138.380005
2017-06-21 00:00:00,134.869995,20580500,0,143.289993
2017-06-22 00:00:00,139.470001,30911600,0,142.270004
2017-06-23 00:00:00,138.380005,21897600,0,143.009995
2017-06-26 00:00:00,143.289993,11759000,0,142.729996
2017-06-27 00:00:00,142.270004,17828100,0,141.529999
2017-06-28 00:00:00,143.009995,17374800,0,143.949997
2017-06-29 00:00:00,142.729996,17759800,0,140.809998
2017-06-30 00:00:00,141.529999,24130300,0,140.899994
2017-07-03 00:00:00,143.949997,12276700,0,140.990005
2017-07-05 00:00:00,140.809998,6975700,0,144.869995
2017-07-06 00:00:00,140.899994,16995800,0,142.199997
2017-07-07 00:00:00,140.990005,11934200,0,142.429993
2017-07-10 00:00:00,144.869995,8046200,0,143.809998
2017-07-11 00:00:00,142.199997,10351500,0,145.809998
2017-07-12 00:00:00,142.429993,13519900,0,149
2017-07-13 00:00:00,143.809998,14955800,0,149.520004
2017-07-14 00:00:00,145.809998,11683400,0,151.830002
2017-07-17 00:00:00,149,11469400,0,151.229996
2017-07-18 00:00:00,149.520004,15342700,0,153.75
2017-07-19 00:00:00,151.830002,15313000,0,153.149994
2017-07-20 00:00:00,151.229996,16896100,0,152.110001
2017-07-21 00:00:00,153.75,16739800,0,151.889999
2017-07-24 00:00:00,153.149994,11452700,0,152.259995
2017-07-25 00:00:00,152.110001,10649100,0,152.440002
2017-07-26 00:00:00,151.889999,8460300,0,155.789993
2017-07-27 00:00:00,152.259995,14466300,0,154.149994
2017-07-28 00:00:00,152.440002,26058500,0,157.559998
2017-07-31 00:00:00,155.789993,14449400,0,154.949997
2017-08-01 00:00:00,154.149994,17782400,0,154.729996
2017-08-02 00:00:00,157.559998,12035300,0,151.910004
2017-08-03 00:00:00,154.949997,19529300,0,153.320007
2017-08-04 00:00:00,154.729996,12435400,0,153.330002
2017-08-07 00:00:00,151.910004,10035600,0,158.839996
2017-08-08 00:00:00,153.320007,15906400,0,157.5
2017-08-09 00:00:00,153.330002,15447100,0,157.490005
2017-08-10 00:00:00,158.839996,11022600,0,151.770004
2017-08-11 00:00:00,157.5,19298900,0,151.699997
2017-08-14 00:00:00,157.490005,22327400,0,154.610001
2017-08-15 00:00:00,151.770004,14601800,0,157.75
2017-08-16 00:00:00,151.699997,18635700,0,159.5
2017-08-17 00:00:00,154.610001,21318300,0,163.919998
2017-08-18 00:00:00,157.75,56840300,0,167.5
2017-08-21 00:00:00,159.5,31492500,0,169.25
2017-08-22 00:00:00,163.919998,22352300,0,174.460007
2017-08-23 00:00:00,167.5,24481900,0,175.800003
2017-08-24 00:00:00,169.25,21939000,0,175
2017-08-25 00:00:00,174.460007,20795200,0,171.740005
2017-08-28 00:00:00,175.800003,24184700,0,168.300003
2017-08-29 00:00:00,175,24615900,0,167.410004
2017-08-30 00:00:00,171.740005,19587300,0,171.25
2017-08-31 00:00:00,168.300003,17770000,0,171.740005
2017-09-01 00:00:00,167.410004,16486800,0,171.039993
2017-09-05 00:00:00,171.25,11166600,0,169.919998
2017-09-06 00:00:00,171.740005,14943600,0,168.139999
2017-09-07 00:00:00,171.039993,19988300,0,170.479996
2017-09-08 00:00:00,169.919998,15141900,0,169
2017-09-11 00:00:00,168.139999,12345300,0,174.059998
2017-09-12 00:00:00,170.479996,18257900,0,175.309998
2017-09-13 00:00:00,169,15629700,0,178.970001
2017-09-14 00:00:00,174.059998,22060700,0,177.100006
2017-09-15 00:00:00,175.309998,22827700,0,176.699997
2017-09-18 00:00:00,178.970001,26567600,0,179.979996
2017-09-19 00:00:00,177.100006,22919800,0,180.070007
2017-09-20 00:00:00,176.699997,14751900,0,177.949997
2017-09-21 00:00:00,179.979996,15396700,0,177.389999
2017-09-22 00:00:00,180.070007,14578800,0,178.139999
2017-09-25 00:00:00,177.949997,12749700,0,169.589996
2017-09-26 00:00:00,177.389999,34033700,0,167.020004
2017-09-27 00:00:00,178.139999,23696200,0,170.990005
2017-09-28 00:00:00,169.589996,19444200,0,170.240005
2017-09-29 00:00:00,167.020004,13957000,0,172.710007
2017-10-02 00:00:00,170.990005,13401800,0,173.610001
2017-10-03 00:00:00,170.240005,12563400,0,178.559998
2017-10-04 00:00:00,172.710007,16714600,0,178.710007
2017-10-05 00:00:00,173.610001,11420600,0,178.889999
2017-10-06 00:00:00,178.559998,11895300,0,179.199997
2017-10-09 00:00:00,178.710007,8749300,0,182.089996
2017-10-10 00:00:00,178.889999,15011600,0,183.119995
2017-10-11 00:00:00,179.199997,13201300,0,184.690002
2017-10-12 00:00:00,182.089996,11974400,0,180.529999
2017-10-13 00:00:00,183.119995,15441200,0,178.449997
2017-10-16 00:00:00,184.690002,18107700,0,179.559998
2017-10-17 00:00:00,180.529999,12855900,0,175.320007
2017-10-18 00:00:00,178.449997,20132200,0,179.610001
2017-10-19 00:00:00,179.559998,21736500,0,177.929993
2017-10-20 00:00:00,175.320007,13539000,0,177.320007
2017-10-23 00:00:00,179.610001,11953200,0,173.130005
2017-10-24 00:00:00,177.929993,17610900,0,173.699997
2017-10-25 00:00:00,177.320007,11946000,0,170.220001
2017-10-26 00:00:00,173.130005,18109400,0,170.320007
2017-10-27 00:00:00,173.699997,13527400,0,176.149994
2017-10-30 00:00:00,170.220001,19712600,0,181.580002
2017-10-31 00:00:00,170.320007,20219700,0,184.889999
2017-11-01 00:00:00,176.149994,21256700,0,186.080002
2017-11-02 00:00:00,181.580002,28594700,0,184.809998
2017-11-03 00:00:00,184.889999,41239900,0,183.210007
2017-11-06 00:00:00,186.080002,19697300,0,187.839996
2017-11-07 00:00:00,184.809998,19873100,0,188.509995
2017-11-08 00:00:00,183.210007,17781000,0,185.899994
2017-11-09 00:00:00,187.839996,13944600,0,185.130005
2017-11-10 00:00:00,188.509995,19755600,0,186.410004
2017-11-13 00:00:00,185.899994,15031000,0,184.539993
2017-11-14 00:00:00,185.130005,17139100,0,181.789993
2017-11-15 00:00:00,186.410004,14475300,0,181.479996
2017-11-16 00:00:00,184.539993,16567000,0,185.429993
2017-11-17 00:00:00,181.789993,18389500,0,185.130005
2017-11-20 00:00:00,181.479996,13422700,0,188
2017-11-21 00:00:00,185.429993,25992300,0,190.899994
2017-11-22 00:00:00,185.130005,19639500,0,189.839996
2017-11-24 00:00:00,188,14417600,0,191.190002
2017-11-27 00:00:00,190.899994,9887300,0,188.029999
2017-11-28 00:00:00,189.839996,14952800,0,186.690002
2017-11-29 00:00:00,191.190002,13378100,0,179.910004
2017-11-30 00:00:00,188.029999,40204100,0,177.080002
2017-12-01 00:00:00,186.690002,25851100,0,174.610001
2017-12-04 00:00:00,179.910004,26782300,0,169.580002
2017-12-05 00:00:00,177.080002,35895100,0,168.960007
2017-12-06 00:00:00,174.610001,31609900,0,172.630005
2017-12-07 00:00:00,169.580002,23897800,0,174.470001
2017-12-08 00:00:00,168.960007,15697900,0,177.619995
2017-12-11 00:00:00,172.630005,23543400,0,179.289993
2017-12-12 00:00:00,174.470001,15626200,0,174.639999
2017-12-13 00:00:00,177.619995,22656500,0,176.470001
2017-12-14 00:00:00,179.289993,18653400,0,171.75
2017-12-15 00:00:00,174.639999,32830000,0,173.550003
2017-12-18 00:00:00,176.470001,41356700,0,173.369995
2017-12-19 00:00:00,171.75,17023300,0,171.279999
2017-12-20 00:00:00,173.550003,23936200,0,172.639999
2017-12-21 00:00:00,173.369995,17121400,0,175.320007
2017-12-22 00:00:00,171.279999,14812400,0,176.289993
2017-12-26 00:00:00,172.639999,12524700,0,172.330002
2017-12-27 00:00:00,175.320007,12913800,0,172.970001
2017-12-28 00:00:00,176.289993,10152300,0,172.300003
2017-12-29 00:00:00,172.330002,9508100,0,172.429993
2018-01-02 00:00:00,172.970001,9704600,0,183.649994
2018-01-03 00:00:00,172.300003,29916900,0,184
2018-01-04 00:00:00,172.429993,20121900,0,185.710007
2018-01-05 00:00:00,183.649994,19473800,0,190.699997
2018-01-08 00:00:00,184,18168300,0,190.330002
2018-01-09 00:00:00,185.710007,16230100,0,190.800003
2018-01-10 00:00:00,190.699997,19495100,0,189.789993
2018-01-11 00:00:00,190.330002,17943800,0,188.75
2018-01-12 00:00:00,190.800003,12400400,0,187.789993
2018-01-16 00:00:00,189.789993,11789600,0,182.399994
2018-01-17 00:00:00,188.75,27428500,0,183.830002
2018-01-18 00:00:00,187.789993,21346500,0,184.399994
2018-01-19 00:00:00,182.399994,14190700,0,184.050003
2018-01-22 00:00:00,183.830002,15349300,0,184.020004
2018-01-23 00:00:00,184.399994,16016300,0,192.279999
2018-01-24 00:00:00,184.050003,31305900,0,195.529999
2018-01-25 00:00:00,184.020004,34497300,0,198.330002
2018-01-26 00:00:00,192.279999,23421600,0,205.220001
2018-01-29 00:00:00,195.529999,23768600,0,203.009995
2018-01-30 00:00:00,198.330002,21908600,0,199.660004
2018-01-31 00:00:00,205.220001,23377500,0,204.289993
2018-02-01 00:00:00,203.009995,26982500,0,192.220001
2018-02-02 00:00:00,199.660004,52628900,0,187.309998
2018-02-05 00:00:00,204.289993,32233900,0,180.529999
2018-02-06 00:00:00,192.220001,31084000,0,185.169998
2018-02-07 00:00:00,187.309998,35804500,0,180.300003
2018-02-08 00:00:00,180.529999,19672100,0,173.699997
2018-02-09 00:00:00,185.169998,32051300,0,176.669998
2018-02-12 00:00:00,180.300003,28049500,0,177.440002
2018-02-13 00:00:00,173.699997,18280300,0,179.25
2018-02-14 00:00:00,176.669998,15507000,0,186.759995
2018-02-15 00:00:00,177.440002,21047400,0,187.449997
2018-02-16 00:00:00,179.25,14361100,0,183.679993
2018-02-20 00:00:00,186.759995,16008400,0,187.190002
2018-02-21 00:00:00,187.449997,14854900,0,188.820007
2018-02-22 00:00:00,183.679993,22071600,0,188.75
2018-02-23 00:00:00,187.190002,12282800,0,193.289993
2018-02-26 00:00:00,188.820007,16937300,0,194.190002
2018-02-27 00:00:00,188.75,19463100,0,188.259995
2018-02-28 00:00:00,193.289993,23218500,0,186.139999
2018-03-01 00:00:00,194.190002,19367600,0,181.990005
2018-03-02 00:00:00,188.259995,17286300,0,179.759995
2018-03-05 00:00:00,186.139999,18909100,0,181.600006
2018-03-06 00:00:00,181.990005,15656700,0,187.369995
2018-03-07 00:00:00,179.759995,17856100,0,189.050003
2018-03-08 00:00:00,181.600006,13728900,0,187.179993
2018-03-09 00:00:00,187.369995,14331400,0,190.550003
2018-03-12 00:00:00,189.050003,14208400,0,192.740005
2018-03-13 00:00:00,187.179993,17826200,0,188.410004
2018-03-14 00:00:00,190.550003,14826700,0,192.559998
2018-03-15 00:00:00,192.740005,20032300,0,199.059998
2018-03-16 00:00:00,188.410004,33504600,0,200.279999
2018-03-19 00:00:00,192.559998,26948700,0,194.529999
2018-03-20 00:00:00,199.059998,19681400,0,198.949997
2018-03-21 00:00:00,200.279999,11952000,0,195.300003
2018-03-22 00:00:00,194.529999,12047300,0,184.649994
2018-03-23 00:00:00,198.949997,25355700,0,181.199997
2018-03-26 00:00:00,195.300003,18714400,0,190.5
2018-03-27 00:00:00,184.649994,16758700,0,181.889999
2018-03-28 00:00:00,181.199997,16627900,0,178.910004
2018-03-29 00:00:00,190.5,20081100,0,183.539993
2018-04-02 00:00:00,181.889999,16378900,0,177.610001
2018-04-03 00:00:00,178.910004,16028700,0,174.669998
2018-04-04 00:00:00,183.539993,19975100,0,172.070007
2018-04-05 00:00:00,177.610001,24573600,0,172.570007
2018-04-06 00:00:00,174.669998,18250900,0,167.520004
2018-04-09 00:00:00,172.070007,18210000,0,169.869995
2018-04-10 00:00:00,172.570007,14717300,0,177.100006
2018-04-11 00:00:00,167.520004,20436200,0,175.360001
2018-04-12 00:00:00,169.869995,10170500,0,175.919998
2018-04-13 00:00:00,177.100006,11133900,0,172.039993
2018-04-16 00:00:00,175.360001,13526200,0,174.699997
2018-04-17 00:00:00,175.919998,9876200,0,178.699997
2018-04-18 00:00:00,172.039993,16285800,0,182.679993
2018-04-19 00:00:00,174.699997,16972700,0,181.389999
2018-04-20 00:00:00,178.699997,11989000,0,179.110001
2018-04-23 00:00:00,182.679993,14473100,0,175.570007
2018-04-24 00:00:00,181.389999,12033900,0,173.089996
2018-04-25 00:00:00,179.110001,14567500,0,170.220001
2018-04-26 00:00:00,175.570007,17132900,0,173.899994
2018-04-27 00:00:00,173.089996,13398000,0,177.160004
2018-04-30 00:00:00,170.220001,15062500,0,178.539993
2018-05-01 00:00:00,173.899994,14654000,0,179.5
2018-05-02 00:00:00,177.160004,10787700,0,181.449997
2018-05-03 00:00:00,178.539993,20681800,0,182.449997
2018-05-04 00:00:00,179.5,26257600,0,188.889999
2018-05-07 00:00:00,181.449997,57788300,0,195.350006
2018-05-08 00:00:00,182.449997,29862200,0,196.309998
2018-05-09 00:00:00,188.889999,21856300,0,195.429993
2018-05-10 00:00:00,195.350006,13780600,0,195.960007
2018-05-11 00:00:00,196.309998,21295000,0,194.360001
2018-05-14 00:00:00,195.429993,12741100,0,198.639999
2018-05-15 00:00:00,195.960007,17627100,0,196.610001
2018-05-16 00:00:00,194.360001,12694900,0,198.110001
2018-05-17 00:00:00,198.639999,12887500,0,196.020004
2018-05-18 00:00:00,196.610001,13470500,0,195
2018-05-21 00:00:00,198.110001,14242300,0,197.639999
2018-05-22 00:00:00,196.020004,13830500,0,195.869995
2018-05-23 00:00:00,195,9700100,0,196.800003
2018-05-24 00:00:00,197.639999,12807400,0,197.369995
2018-05-25 00:00:00,195.869995,18527700,0,199.199997
2018-05-29 00:00:00,196.800003,21270000,0,198
2018-05-30 00:00:00,197.369995,18768700,0,197.979996
2018-05-31 00:00:00,199.199997,13930600,0,198.009995
2018-06-01 00:00:00,198,17982500,0,204.339996
2018-06-04 00:00:00,197.979996,23131900,0,208.949997
2018-06-05 00:00:00,198.009995,19357000,0,208.369995
2018-06-06 00:00:00,204.339996,17787700,0,208.300003
2018-06-07 00:00:00,208.949997,13800500,0,203.619995
2018-06-08 00:00:00,208.369995,26747800,0,205.070007
2018-06-11 00:00:00,208.300003,17525200,0,205.699997
2018-06-12 00:00:00,203.619995,12061400,0,209.080002
2018-06-13 00:00:00,205.070007,15910900,0,206.619995
2018-06-14 00:00:00,205.699997,13844200,0,210.860001
2018-06-15 00:00:00,209.080002,18838300,0,208
2018-06-18 00:00:00,206.619995,28665600,0,208.570007
2018-06-19 00:00:00,210.860001,14645200,0,204.429993
2018-06-20 00:00:00,208,24484200,0,206.229996
2018-06-21 00:00:00,208.570007,15559600,0,202.210007
2018-06-22 00:00:00,204.429993,13963800,0,202.009995
2018-06-25 00:00:00,206.229996,9585000,0,191.25
2018-06-26 00:00:00,202.210007,32750900,0,191.419998
2018-06-27 00:00:00,202.009995,20740400,0,185.020004
2018-06-28 00:00:00,191.25,23887000,0,188.380005
2018-06-29 00:00:00,191.419998,19553800,0,185.529999
2018-07-02 00:00:00,185.020004,26023400,0,186.360001
2018-07-03 00:00:00,188.380005,17325900,0,184.75
2018-07-05 00:00:00,185.529999,11673700,0,186.880005
2018-07-06 00:00:00,186.360001,18412100,0,192.270004
2018-07-09 00:00:00,184.75,17035600,0,192.75
2018-07-10 00:00:00,186.880005,15466400,0,192.550003
2018-07-11 00:00:00,192.270004,12611400,0,187.419998
2018-07-12 00:00:00,192.75,15947000,0,190.169998
2018-07-13 00:00:00,192.550003,17440400,0,190.039993
2018-07-16 00:00:00,187.419998,12550500,0,190.350006
2018-07-17 00:00:00,190.169998,12205600,0,192.660004
2018-07-18 00:00:00,190.039993,13270700,0,190.789993
2018-07-19 00:00:00,190.350006,10796600,0,187.339996
2018-07-20 00:00:00,192.660004,13373100,0,187.25
2018-07-23 00:00:00,190.789993,12807500,0,187.039993
2018-07-24 00:00:00,187.339996,10996200,0,189
2018-07-25 00:00:00,187.25,18414800,0,197.979996
2018-07-26 00:00:00,187.039993,20735400,0,194.179993
2018-07-27 00:00:00,189,13885500,0,189.419998
2018-07-30 00:00:00,197.979996,19907100,0,184.820007
2018-07-31 00:00:00,194.179993,19906300,0,187.229996
2018-08-01 00:00:00,189.419998,17016600,0,185.270004
2018-08-02 00:00:00,184.820007,14370700,0,182.600006
2018-08-03 00:00:00,187.229996,20976500,0,180.839996
2018-08-06 00:00:00,185.270004,18185100,0,178.619995
2018-08-07 00:00:00,182.600006,35419000,0,179.919998
2018-08-08 00:00:00,180.839996,20620300,0,177.520004
2018-08-09 00:00:00,178.619995,21152400,0,177.190002
2018-08-10 00:00:00,179.919998,35220900,0,180.009995
2018-08-13 00:00:00,177.520004,22049200,0,177.679993
2018-08-14 00:00:00,177.190002,14674000,0,172.529999
2018-08-15 00:00:00,180.009995,38508600,0,169.830002
2018-08-16 00:00:00,177.679993,41278600,0,171.990005
2018-08-17 00:00:00,172.529999,34263300,0,172.779999
2018-08-20 00:00:00,169.830002,24695400,0,176.289993
2018-08-21 00:00:00,171.990005,25900700,0,177.919998
2018-08-22 00:00:00,172.779999,20337400,0,177.850006
2018-08-23 00:00:00,176.289993,27138500,0,172.229996
2018-08-24 00:00:00,177.919998,78843400,0,174.229996
2018-08-27 00:00:00,177.850006,30442800,0,180.649994
2018-08-28 00:00:00,172.229996,23533800,0,178.190002
2018-08-29 00:00:00,174.229996,15319000,0,178.5
2018-08-30 00:00:00,180.649994,11892600,0,174.600006
2018-08-31 00:00:00,178.190002,17086200,0,175.009995
2018-09-04 00:00:00,178.5,13730800,0,170.440002
2018-09-05 00:00:00,174.600006,23450500,0,164.229996
2018-09-06 00:00:00,175.009995,35694700,0,159.869995
2018-09-07 00:00:00,170.440002,33052000,0,162.369995
2018-09-10 00:00:00,164.229996,19452400,0,156.360001
2018-09-11 00:00:00,159.869995,39092700,0,157.460007
2018-09-12 00:00:00,162.369995,25884100,0,161.460007
2018-09-13 00:00:00,156.360001,32490500,0,165.529999
2018-09-14 00:00:00,157.460007,25696500,0,164.740005
2018-09-17 00:00:00,161.460007,23417700,0,158.889999
2018-09-18 00:00:00,165.529999,20423200,0,156.649994
2018-09-19 00:00:00,164.740005,27240600,0,162.630005
2018-09-20 00:00:00,158.889999,23028300,0,165.880005
2018-09-21 00:00:00,156.649994,22818100,0,164.630005
2018-09-24 00:00:00,162.630005,22081900,0,163.160004
2018-09-25 00:00:00,165.880005,13123400,0,164.25
2018-09-26 00:00:00,164.630005,9588700,0,165.399994
2018-09-27 00:00:00,163.160004,13592500,0,166.320007
2018-09-28 00:00:00,164.25,12689200,0,164.759995
2018-10-01 00:00:00,165.399994,10486500,0,162
2018-10-02 00:00:00,166.320007,10615200,0,160.229996
2018-10-03 00:00:00,164.759995,14730500,0,162.369995
2018-10-04 00:00:00,162,13118800,0,156.130005
2018-10-05 00:00:00,160.229996,32176100,0,154.630005
2018-10-08 00:00:00,162.369995,20271000,0,151.139999
2018-10-09 00:00:00,156.130005,25060400,0,146.940002
2018-10-10 00:00:00,154.630005,31070200,0,138.289993
2018-10-11 00:00:00,151.139999,55828800,0,141.899994
2018-10-12 00:00:00,146.940002,43210300,0,147.289993
2018-10-15 00:00:00,138.289993,30764400,0,144.160004
2018-10-16 00:00:00,141.899994,18567100,0,149.600006
2018-10-17 00:00:00,147.289993,18365900,0,148.139999
2018-10-18 00:00:00,144.160004,16872400,0,142.020004
2018-10-19 00:00:00,149.600006,20618900,0,142.929993
2018-10-22 00:00:00,148.139999,14855100,0,148.800003
2018-10-23 00:00:00,142.020004,22589300,0,146.649994
2018-10-24 00:00:00,142.929993,19950500,0,139.610001
2018-10-25 00:00:00,148.800003,18512300,0,144.600006
2018-10-26 00:00:00,146.649994,13655100,0,142.869995
2018-10-29 00:00:00,139.610001,19476900,0,133.380005
2018-10-30 00:00:00,144.600006,35121700,0,136.330002
2018-10-31 00:00:00,142.869995,25230000,0,142.279999
2018-11-01 00:00:00,133.380005,23654600,0,151.25
2018-11-02 00:00:00,136.330002,47039300,0,147.589996
2018-11-05 00:00:00,142.279999,45985800,0,144.639999
2018-11-06 00:00:00,151.25,16197300,0,147.440002
2018-11-07 00:00:00,147.589996,17849800,0,152.5
2018-11-08 00:00:00,144.639999,17884400,0,148.990005
2018-11-09 00:00:00,147.440002,17067100,0,144.850006
2018-11-12 00:00:00,152.5,16220000,0,142.820007
2018-11-13 00:00:00,148.990005,16516500,0,146.979996
2018-11-14 00:00:00,144.850006,19575100,0,150.440002
2018-11-15 00:00:00,142.820007,21786000,0,156.220001
2018-11-16 00:00:00,146.979996,30083500,0,154.100006
2018-11-19 00:00:00,150.440002,20039400,0,149.529999
2018-11-20 00:00:00,156.220001,18087800,0,145.979996
2018-11-21 00:00:00,154.100006,19473200,0,149.410004
2018-11-23 00:00:00,149.529999,14718600,0,150.330002
2018-11-26 00:00:00,145.979996,7437500,0,156.009995
2018-11-27 00:00:00,149.410004,16152700,0,156.460007
2018-11-28 00:00:00,150.330002,17911800,0,159.339996
2018-11-29 00:00:00,156.009995,20767100,0,156.279999
2018-11-30 00:00:00,156.460007,20532200,0,160.860001
2018-12-03 00:00:00,159.339996,35071200,0,163.740005
2018-12-04 00:00:00,156.279999,31174000,0,158.339996
2018-12-06 00:00:00,160.860001,22198600,0,155.830002
2018-12-07 00:00:00,163.740005,25335500,0,153.059998
2018-12-10 00:00:00,158.339996,17447900,0,151.429993
2018-12-11 00:00:00,155.830002,15525500,0,151.830002
2018-12-12 00:00:00,153.059998,13651900,0,151.5
2018-12-13 00:00:00,151.429993,16619200,0,151.479996
2018-12-14 00:00:00,151.830002,12255800,0,149
2018-12-17 00:00:00,151.5,15560700,0,143.979996
2018-12-18 00:00:00,151.479996,15788100,0,140.820007
2018-12-19 00:00:00,149,17846600,0,137.139999
2018-12-20 00:00:00,143.979996,27657800,0,135.110001
2018-12-21 00:00:00,140.820007,24103800,0,132
2018-12-24 00:00:00,137.139999,28790600,0,131.889999
2018-12-26 00:00:00,135.110001,11240700,0,138
2018-12-27 00:00:00,132,14862400,0,138.449997
2018-12-28 00:00:00,131.889999,11457400,0,139.089996
2018-12-31 00:00:00,138,11955300,0,137.070007
2019-01-02 00:00:00,138.449997,11186400,0,136.699997
2019-01-03 00:00:00,139.089996,16708400,0,130.600006
2019-01-04 00:00:00,137.070007,19531300,0,139.75
2019-01-07 00:00:00,136.699997,22845400,0,143.100006
2019-01-08 00:00:00,130.600006,17239000,0,146.789993
2019-01-09 00:00:00,139.75,16487600,0,151.919998
2019-01-10 00:00:00,143.100006,20214100,0,151.690002
2019-01-11 00:00:00,146.789993,14221100,0,151.320007
2019-01-14 00:00:00,151.919998,9589400,0,149.270004
2019-01-15 00:00:00,151.690002,13356700,0,150.880005
2019-01-16 00:00:00,151.320007,15003100,0,154.839996
2019-01-17 00:00:00,149.270004,14810800,0,155.970001
2019-01-18 00:00:00,150.880005,16153200,0,157.020004
2019-01-22 00:00:00,154.839996,19611400,0,152.149994
2019-01-23 00:00:00,155.970001,21295000,0,152.029999
2019-01-24 00:00:00,157.020004,10195800,0,155.860001
2019-01-25 00:00:00,152.149994,10997900,0,159.210007
2019-01-28 00:00:00,152.029999,16451800,0,158.919998
2019-01-29 00:00:00,155.860001,10141100,0,156.880005
2019-01-30 00:00:00,159.210007,18348200,0,166.820007
2019-01-31 00:00:00,158.919998,36997700,0,168.490005
2019-02-01 00:00:00,156.880005,21219500,0,167.970001
2019-02-04 00:00:00,166.820007,10771500,0,166.699997
2019-02-05 00:00:00,168.490005,7380400,0,171.830002
2019-02-06 00:00:00,167.970001,12801800,0,171.520004
2019-02-07 00:00:00,166.699997,11267800,0,166.960007
2019-02-08 00:00:00,171.830002,11911100,0,167.360001
2019-02-11 00:00:00,171.520004,8331500,0,167.449997
2019-02-12 00:00:00,166.960007,7260300,0,168.710007
2019-02-13 00:00:00,167.360001,8594400,0,169.399994
2019-02-14 00:00:00,167.449997,8661800,0,168.380005
2019-02-15 00:00:00,168.710007,8722100,0,166.149994
2019-02-19 00:00:00,169.399994,12099500,0,170.179993
2019-02-20 00:00:00,168.380005,12982300,0,170.710007
2019-02-21 00:00:00,166.149994,12454900,0,171.660004
2019-02-22 00:00:00,170.179993,8434800,0,176.919998
2019-02-25 00:00:00,170.710007,16175600,0,183.25
2019-02-26 00:00:00,171.660004,22831800,0,183.539993
2019-02-27 00:00:00,176.919998,13871000,0,184.580002
2019-02-28 00:00:00,183.25,16741600,0,183.029999
2019-03-01 00:00:00,183.539993,12370400,0,183.880005
2019-03-04 00:00:00,184.580002,14348500,0,187.25
2019-03-05 00:00:00,183.029999,14761700,0,185
2019-03-06 00:00:00,183.880005,11513200,0,184.169998
2019-03-07 00:00:00,187.25,10009100,0,177.320007
2019-03-08 00:00:00,185,16488900,0,175.029999
2019-03-11 00:00:00,184.169998,14674200,0,180.410004
2019-03-12 00:00:00,177.320007,13764000,0,180.630005
2019-03-13 00:00:00,175.029999,8660000,0,180.699997
2019-03-14 00:00:00,180.410004,8868200,0,180.360001
2019-03-15 00:00:00,180.630005,9272000,0,180.970001
2019-03-18 00:00:00,180.699997,10844100,0,181.830002
2019-03-19 00:00:00,180.360001,7847800,0,182.139999
2019-03-20 00:00:00,180.970001,10238600,0,181.279999
2019-03-21 00:00:00,181.830002,15901500,0,181.5
2019-03-22 00:00:00,182.139999,9754500,0,176.259995
2019-03-25 00:00:00,181.279999,11688400,0,178.770004
2019-03-26 00:00:00,181.5,7511400,0,178.080002
2019-03-27 00:00:00,176.259995,7897900,0,177.029999
2019-03-28 00:00:00,178.770004,8371000,0,177.729996
2019-03-29 00:00:00,178.080002,7146800,0,182.449997
2019-04-01 00:00:00,177.029999,13850900,0,180.889999
2019-04-02 00:00:00,177.729996,12714800,0,181.740005
2019-04-03 00:00:00,182.449997,8021500,0,178.320007
2019-04-04 00:00:00,180.889999,26811600,0,181.070007
2019-04-05 00:00:00,181.740005,16993200,0,185.350006
2019-04-08 00:00:00,178.320007,18705000,0,186.5
2019-04-09 00:00:00,181.070007,14725600,0,187.190002
2019-04-10 00:00:00,185.350006,11578200,0,186.190002
2019-04-11 00:00:00,186.5,10655000,0,184.979996
2019-04-12 00:00:00,187.190002,8900300,0,188.910004
2019-04-15 00:00:00,186.190002,12600000,0,183.070007
2019-04-16 00:00:00,184.979996,14616600,0,185.779999
2019-04-17 00:00:00,188.910004,12195900,0,187.550003
2019-04-18 00:00:00,183.070007,11614200,0,186.940002
2019-04-22 00:00:00,185.779999,7882500,0,185.380005
2019-04-23 00:00:00,187.550003,8677800,0,187.289993
2019-04-24 00:00:00,186.940002,11410600,0,185.669998
2019-04-25 00:00:00,185.380005,9085300,0,187.880005
2019-04-26 00:00:00,187.289993,10328900,0,187.089996
2019-04-29 00:00:00,185.669998,9421100,0,186.940002
2019-04-30 00:00:00,187.880005,8660600,0,185.570007
2019-05-01 00:00:00,187.089996,15076500,0,189.309998
2019-05-02 00:00:00,186.940002,17397500,0,190.389999
2019-05-03 00:00:00,185.570007,11468100,0,195.210007
2019-05-06 00:00:00,189.309998,14521100,0,188.240005
2019-05-07 00:00:00,190.389999,23941200,0,181.429993
2019-05-08 00:00:00,195.210007,22663200,0,179.589996
2019-05-09 00:00:00,188.240005,16611100,0,179.039993
2019-05-10 00:00:00,181.429993,22727800,0,178
2019-05-13 00:00:00,179.589996,18987000,0,170.009995
2019-05-14 00:00:00,179.039993,22330700,0,174.839996
2019-05-15 00:00:00,178,17874100,0,177.600006
2019-05-16 00:00:00,170.009995,37610400,0,175.570007
2019-05-17 00:00:00,174.839996,20579200,0,169.570007
2019-05-20 00:00:00,177.600006,22539400,0,160.649994
2019-05-21 00:00:00,175.570007,33413800,0,163.429993
2019-05-22 00:00:00,169.570007,22006100,0,158.830002
2019-05-23 00:00:00,160.649994,25831200,0,156
2019-05-24 00:00:00,163.429993,26891900,0,155
2019-05-28 00:00:00,158.830002,21489700,0,154.809998
2019-05-29 00:00:00,156,38603000,0,152.479996
2019-05-30 00:00:00,155,30073100,0,151.070007
2019-05-31 00:00:00,154.809998,17344700,0,149.259995
2019-06-03 00:00:00,152.479996,26881200,0,149.910004
2019-06-04 00:00:00,151.070007,25254400,0,154.149994
2019-06-05 00:00:00,149.259995,27417200,0,151.649994
2019-06-06 00:00:00,149.910004,23208600,0,151.5
2019-06-07 00:00:00,154.149994,15763000,0,154.229996
2019-06-10 00:00:00,151.649994,17817800,0,159.850006
2019-06-11 00:00:00,151.5,36473300,0,162.649994
2019-06-12 00:00:00,154.229996,23408400,0,160.039993
2019-06-13 00:00:00,159.850006,16329300,0,160.330002
2019-06-14 00:00:00,162.649994,17571400,0,158.100006
2019-06-17 00:00:00,160.039993,14981600,0,159.910004
2019-06-18 00:00:00,160.330002,16079800,0,165.509995
2019-06-19 00:00:00,158.100006,35754800,0,165.460007
2019-06-20 00:00:00,159.910004,20798100,0,168.25
2019-06-21 00:00:00,165.509995,24004700,0,167.550003
2019-06-24 00:00:00,165.460007,17415800,0,168.100006
2019-06-25 00:00:00,168.25,18422600,0,165.800003
2019-06-26 00:00:00,167.550003,20439200,0,168.990005
2019-06-27 00:00:00,168.100006,22416400,0,170.899994
2019-06-28 00:00:00,165.800003,18349400,0,169.449997
2019-07-01 00:00:00,168.990005,19974300,0,175.050003
2019-07-02 00:00:00,170.899994,25846800,0,175.449997
2019-07-03 00:00:00,169.449997,14155200,0,174.669998
2019-07-05 00:00:00,175.050003,8532600,0,173.300003
2019-07-08 00:00:00,175.449997,12618600,0,168.449997
2019-07-09 00:00:00,174.669998,16531000,0,168.800003
2019-07-10 00:00:00,173.300003,15782800,0,166.929993
2019-07-11 00:00:00,168.449997,16675600,0,166.550003
2019-07-12 00:00:00,168.800003,14796400,0,169.070007
2019-07-15 00:00:00,166.929993,18103600,0,173.5
2019-07-16 00:00:00,166.550003,22199000,0,174.190002
2019-07-17 00:00:00,169.070007,19039700,0,174.820007
2019-07-18 00:00:00,173.5,15031600,0,172.800003
2019-07-19 00:00:00,174.190002,15603800,0,172.990005
2019-07-22 00:00:00,174.820007,13647200,0,174
2019-07-23 00:00:00,172.800003,18490900,0,178.089996
2019-07-24 00:00:00,172.990005,20881500,0,178.669998
2019-07-25 00:00:00,174,14933100,0,177.289993
2019-07-26 00:00:00,178.089996,14049000,0,178.740005
2019-07-29 00:00:00,178.669998,15281000,0,177.020004
2019-07-30 00:00:00,177.289993,15130300,0,174.100006
2019-07-31 00:00:00,178.740005,14300600,0,173.110001
2019-08-01 00:00:00,177.020004,14628900,0,165.649994
2019-08-02 00:00:00,174.100006,32728200,0,161
2019-08-05 00:00:00,173.110001,27104700,0,153.669998
2019-08-06 00:00:00,165.649994,28912600,0,157.429993
2019-08-07 00:00:00,161,24996300,0,159.169998
2019-08-08 00:00:00,153.669998,17917400,0,162.220001
2019-08-09 00:00:00,157.429993,19267700,0,159.119995
2019-08-12 00:00:00,159.169998,11894300,0,159.309998
2019-08-13 00:00:00,162.220001,13566900,0,164.029999
2019-08-14 00:00:00,159.119995,22842900,0,162.059998
2019-08-15 00:00:00,159.309998,20803700,0,166.970001
2019-08-16 00:00:00,164.029999,36343500,0,174.600006
2019-08-19 00:00:00,162.059998,25952500,0,178.279999
2019-08-20 00:00:00,166.970001,16012800,0,177.210007
2019-08-21 00:00:00,174.600006,10338100,0,175.240005
2019-08-22 00:00:00,178.279999,10615700,0,171.910004
2019-08-23 00:00:00,177.210007,11568900,0,164.539993
2019-08-26 00:00:00,175.240005,20871500,0,165.899994
2019-08-27 00:00:00,171.910004,8640500,0,166.199997
2019-08-28 00:00:00,164.539993,12777600,0,167.479996
2019-08-29 00:00:00,165.899994,9507400,0,172.809998
2019-08-30 00:00:00,166.199997,11565400,0,175.029999
2019-09-03 00:00:00,167.479996,10293400,0,172.410004
2019-09-04 00:00:00,172.809998,8499300,0,174.330002
2019-09-05 00:00:00,175.029999,7208900,0,178.940002
2019-09-06 00:00:00,172.410004,11154300,0,176.690002
2019-09-09 00:00:00,174.330002,8304000,0,177.779999
2019-09-10 00:00:00,178.940002,6931700,0,174.990005
2019-09-11 00:00:00,176.690002,9835000,0,176.089996
2019-09-12 00:00:00,177.779999,7039300,0,178.240005
2019-09-13 00:00:00,174.990005,12509400,0,179.169998
2019-09-16 00:00:00,176.089996,9479700,0,177.070007
2019-09-17 00:00:00,178.240005,10725100,0,179
2019-09-18 00:00:00,179.169998,7481000,0,180
2019-09-19 00:00:00,177.070007,9233300,0,180.460007
2019-09-20 00:00:00,179,15119800,0,182.509995
2019-09-23 00:00:00,180,24517800,0,176.979996
2019-09-24 00:00:00,180.460007,14047400,0,171.550003
2019-09-25 00:00:00,182.509995,14324600,0,176.660004
2019-09-26 00:00:00,176.979996,11766400,0,175
2019-09-27 00:00:00,171.550003,9982400,0,165.979996
2019-09-30 00:00:00,176.660004,33287500,0,167.229996
2019-10-01 00:00:00,175,14866800,0,165.149994
2019-10-02 00:00:00,165.979996,14155500,0,165.770004
2019-10-03 00:00:00,167.229996,11526500,0,169.479996
2019-10-04 00:00:00,165.149994,10305000,0,170.339996
2019-10-07 00:00:00,165.770004,8715200,0,168.320007
2019-10-08 00:00:00,169.479996,11993000,0,161.929993
2019-10-09 00:00:00,170.339996,15833100,0,165.190002
2019-10-10 00:00:00,168.320007,10943100,0,166.070007
2019-10-11 00:00:00,161.929993,11462400,0,172.940002
2019-10-14 00:00:00,165.190002,19247400,0,171.160004
2019-10-15 00:00:00,166.070007,7667600,0,175.289993
2019-10-16 00:00:00,172.940002,13753000,0,177.119995
2019-10-17 00:00:00,171.160004,10858700,0,176.850006
2019-10-18 00:00:00,175.289993,8020600,0,169.130005
2019-10-21 00:00:00,177.119995,14575700,0,173.520004
2019-10-22 00:00:00,176.850006,8970800,0,169.889999
2019-10-23 00:00:00,169.130005,10867100,0,169.919998
2019-10-24 00:00:00,173.520004,8853700,0,172.550003
2019-10-25 00:00:00,169.889999,7397700,0,174.309998
2019-10-28 00:00:00,169.919998,9891800,0,178.679993
2019-10-29 00:00:00,172.550003,11739600,0,176.889999
2019-10-30 00:00:00,174.309998,8026400,0,177.529999
2019-10-31 00:00:00,178.679993,10213200,0,176.669998
2019-11-01 00:00:00,176.889999,15119000,0,176.460007
2019-11-04 00:00:00,177.529999,28924100,0,179.690002
2019-11-05 00:00:00,176.669998,44541200,0,182
2019-11-06 00:00:00,176.460007,23690200,0,184.160004
2019-11-07 00:00:00,179.690002,14834900,0,186.660004
2019-11-08 00:00:00,182,20162600,0,187.160004
2019-11-11 00:00:00,184.160004,19718100,0,186.710007
2019-11-12 00:00:00,186.660004,20561500,0,186.970001
2019-11-13 00:00:00,187.160004,11797600,0,182.479996
2019-11-14 00:00:00,186.710007,14977700,0,182.800003
2019-11-15 00:00:00,186.970001,12712800,0,185.490005
2019-11-18 00:00:00,182.479996,11296400,0,184.610001
2019-11-19 00:00:00,182.800003,11822900,0,185.25
2019-11-20 00:00:00,185.490005,13407200,0,182.350006
2019-11-21 00:00:00,184.610001,16684600,0,184.860001
2019-11-22 00:00:00,185.25,10254700,0,186.779999
2019-11-25 00:00:00,182.350006,10541000,0,190.449997
2019-11-26 00:00:00,184.860001,19157700,0,194.699997
2019-11-27 00:00:00,186.779999,51832300,0,200.820007
2019-11-29 00:00:00,190.449997,33040500,0,200
2019-12-02 00:00:00,194.699997,18593100,0,196.309998
2019-12-03 00:00:00,200.820007,19357700,0,194.899994
2019-12-04 00:00:00,200,18355300,0,193.740005
2019-12-05 00:00:00,196.309998,14849300,0,200
2019-12-06 00:00:00,194.899994,22290200,0,201.889999
2019-12-09 00:00:00,193.740005,14087300,0,198.740005
2019-12-10 00:00:00,200,14258100,0,200.449997
2019-12-11 00:00:00,201.889999,11623900,0,204.639999
2019-12-12 00:00:00,198.740005,11760000,0,204.5
2019-12-13 00:00:00,200.449997,22448600,0,204.910004
2019-12-16 00:00:00,204.639999,19270400,0,206.970001
2019-12-17 00:00:00,204.5,16734300,0,208.179993
2019-12-18 00:00:00,204.910004,11287600,0,210
2019-12-19 00:00:00,206.970001,13481800,0,210.130005
2019-12-20 00:00:00,208.179993,12167300,0,212.25
2019-12-23 00:00:00,210,26670000,0,214.830002
2019-12-24 00:00:00,210.130005,12535000,0,214.259995
2019-12-26 00:00:00,212.25,5523000,0,216.380005
2019-12-27 00:00:00,214.830002,6907100,0,215.470001
2019-12-30 00:00:00,214.259995,11674200,0,212.910004
2019-12-31 00:00:00,216.380005,8732600,0,212.100006
2020-01-02 00:00:00,215.470001,6773600,0,219.770004
2020-01-03 00:00:00,212.910004,15873500,0,217
2020-01-06 00:00:00,212.100006,8604500,0,216.639999
2020-01-07 00:00:00,219.770004,11885500,0,217.630005
2020-01-08 00:00:00,217,9388000,0,218
2020-01-09 00:00:00,216.639999,11959100,0,221.779999
2020-01-10 00:00:00,217.630005,13122500,0,223.830002
2020-01-13 00:00:00,218,12296000,3,230.479996
2020-01-14 00:00:00,221.779999,17544800,0,226.490005
2020-01-15 00:00:00,223.830002,17266900,0,225.059998
2020-01-16 00:00:00,230.479996,10743400,0,223.940002
2020-01-17 00:00:00,226.490005,13700500,0,227.429993
2020-01-21 00:00:00,225.059998,12956200,1,222.259995
2020-01-22 00:00:00,223.940002,15831100,5,222.369995
2020-01-23 00:00:00,227.429993,10059600,0,219.130005
2020-01-24 00:00:00,222.259995,18519900,0,213.75
2020-01-27 00:00:00,222.369995,18143900,1,205.470001
2020-01-28 00:00:00,219.130005,24574700,93,210.229996
2020-01-29 00:00:00,213.75,16196700,144,212.020004
2020-01-30 00:00:00,205.470001,12871900,130,208.580002
2020-01-31 00:00:00,210.229996,14376000,311,206.589996
2020-02-03 00:00:00,212.020004,18181400,799,213.100006
2020-02-04 00:00:00,208.580002,14118800,1773,222.880005
2020-02-05 00:00:00,206.589996,16695100,1493,220.220001
2020-02-06 00:00:00,213.100006,15766100,1754,220.899994
2020-02-07 00:00:00,222.880005,10790800,2016,216.529999
2020-02-10 00:00:00,220.220001,13790300,2839,215.770004
2020-02-11 00:00:00,220.899994,17420300,3249,217.210007
2020-02-12 00:00:00,216.529999,16073500,3929,224.309998
2020-02-13 00:00:00,215.770004,18671900,3725,220.360001
2020-02-14 00:00:00,217.210007,28069700,3204,219.630005
2020-02-18 00:00:00,224.309998,10690000,3061,220.520004
2020-02-19 00:00:00,220.360001,12987000,2485,222.139999
2020-02-20 00:00:00,219.630005,10798100,2073,218.039993
2020-02-21 00:00:00,220.520004,14950100,15202,212.589996
2020-02-24 00:00:00,222.139999,17681200,4074,206.160004
2020-02-25 00:00:00,218.039993,19380200,1996,205.610001
2020-02-26 00:00:00,212.589996,18132400,1887,208.740005
2020-02-27 00:00:00,206.160004,19482100,420,205.029999
2020-02-28 00:00:00,205.610001,22741200,1022,208
2020-03-02 00:00:00,208.740005,31251100,530,210.979996
2020-03-03 00:00:00,205.029999,21542200,830,207.410004
2020-03-04 00:00:00,208,20813800,871,211.960007
2020-03-05 00:00:00,210.979996,12474400,1076,211.460007
2020-03-06 00:00:00,207.410004,13462900,1391,204.639999
2020-03-09 00:00:00,211.960007,21700500,1693,197.660004
2020-03-10 00:00:00,211.460007,25502600,2313,206.389999
2020-03-11 00:00:00,204.639999,19022600,2927,198.910004
2020-03-12 00:00:00,197.660004,18908200,2408,185.100006
2020-03-13 00:00:00,206.389999,30247100,3601,194
2020-03-16 00:00:00,198.910004,23650500,3814,178.850006
2020-03-17 00:00:00,185.100006,26628500,4950,184.809998
2020-03-18 00:00:00,194,19276500,5205,180
2020-03-19 00:00:00,178.850006,22054200,7858,180.880005
2020-03-20 00:00:00,184.809998,20905700,9531,181.300003
2020-03-23 00:00:00,180,21006100,11692,176.339996
2020-03-24 00:00:00,180.880005,22554700,16002,185.75
2020-03-25 00:00:00,181.300003,20801500,16814,188.559998
2020-03-26 00:00:00,176.339996,19605200,21962,195.320007
2020-03-27 00:00:00,185.75,15416800,30173,188.589996
2020-03-30 00:00:00,188.559998,13376400,32483,191.270004
2020-03-31 00:00:00,195.320007,12254400,41851,194.479996
2020-04-01 00:00:00,188.589996,19084800,45292,187.559998
2020-04-02 00:00:00,191.270004,17948600,52078,188.899994
2020-04-03 00:00:00,194.479996,13412100,58825,187.110001
2020-04-06 00:00:00,187.559998,9483100,58531,196.449997
2020-04-07 00:00:00,188.899994,13248700,58485,198
2020-04-08 00:00:00,187.110001,14934500,73637,195.979996
2020-04-09 00:00:00,196.449997,13608000,72476,196.369995
2020-04-13 00:00:00,198,17821300,75458,199.440002
2020-04-14 00:00:00,195.979996,16117900,69765,204.779999
2020-04-15 00:00:00,196.369995,16757100,68279,208.169998
2020-04-16 00:00:00,199.440002,10768100,87420,212.660004
2020-04-17 00:00:00,204.779999,16353800,73074,209.5
2020-04-20 00:00:00,208.169998,13558500,73514,212.130005
2020-04-21 00:00:00,212.660004,19295400,67631,207.339996
2020-04-22 00:00:00,209.5,14107600,69604,209.960007
2020-04-23 00:00:00,212.130005,13471100,74091,205.240005
2020-04-24 00:00:00,207.339996,20424000,80025,204.360001
2020-04-27 00:00:00,209.960007,14673900,73983,203.690002
2020-04-28 00:00:00,205.240005,17286800,70934,201.149994
2020-04-29 00:00:00,204.360001,17203800,77052,206.699997
2020-04-30 00:00:00,203.690002,19117800,74369,202.669998
2020-05-01 00:00:00,201.149994,20107400,78543,194.479996
2020-05-04 00:00:00,206.699997,22276200,80200,191.149994
2020-05-05 00:00:00,202.669998,25709400,71014,195.020004
2020-05-06 00:00:00,194.479996,22957200,69342,195.169998
2020-05-07 00:00:00,191.149994,18598900,76026,196.490005
2020-05-08 00:00:00,195.020004,16164600,81262,201.190002
2020-05-11 00:00:00,195.169998,23819700,81598,205.399994
2020-05-12 00:00:00,196.490005,17920700,80357,200.309998
2020-05-13 00:00:00,201.190002,17826800,73120,199.460007
2020-05-14 00:00:00,205.399994,22429700,81510,201.300003
2020-05-15 00:00:00,200.309998,20025900,87456,203.679993
2020-05-18 00:00:00,199.460007,17209500,87542,215.279999
2020-05-19 00:00:00,201.300003,23556600,76280,217.199997
2020-05-20 00:00:00,203.679993,21438100,76647,216.789993
2020-05-21 00:00:00,215.279999,38324100,82842,212.160004
2020-05-22 00:00:00,217.199997,29850700,89115,199.699997
2020-05-26 00:00:00,216.789993,51979300,101900,201.720001
2020-05-27 00:00:00,212.160004,28683200,73956,201.179993
2020-05-28 00:00:00,199.699997,23605400,92942,199.490005
2020-05-29 00:00:00,201.720001,18763200,105152,207.389999
2020-06-01 00:00:00,201.179993,43179500,103028,206.570007
2020-06-02 00:00:00,199.490005,16169700,88674,214.330002
2020-06-03 00:00:00,207.389999,22485800,91780,218.610001
2020-06-04 00:00:00,206.570007,19999500,97203,218.039993
2020-06-05 00:00:00,214.330002,14962400,108489,219.550003
2020-06-08 00:00:00,218.610001,11983200,128152,219
2020-06-09 00:00:00,218.039993,12731200,113220,220.720001
2020-06-10 00:00:00,219.550003,14140100,91828,223.679993
2020-06-11 00:00:00,219,13372400,128165,215.240005
2020-06-12 00:00:00,220.720001,15560300,118756,217.639999
2020-06-15 00:00:00,223.679993,12716500,131377,217.029999
2020-06-16 00:00:00,215.240005,17419900,109061,222.619995
2020-06-17 00:00:00,217.639999,17212400,105789,224.25
2020-06-18 00:00:00,217.029999,12486700,129355,223.539993
2020-06-19 00:00:00,222.619995,10358800,138274,220.639999
2020-06-22 00:00:00,224.25,19545200,131777,221.410004
2020-06-23 00:00:00,223.539993,13303600,118833,228.75
2020-06-24 00:00:00,220.639999,18263400,121100,226.220001
2020-06-25 00:00:00,221.410004,12159500,183675,222.160004
2020-06-26 00:00:00,228.75,14953100,142868,215.710007
2020-06-29 00:00:00,226.220001,19340600,154620,215.020004
2020-06-30 00:00:00,222.160004,12333000,132919,215.699997
2020-07-01 00:00:00,215.710007,12933800,135391,215.949997
2020-07-02 00:00:00,215.020004,11788100,169722,223.600006
2020-07-06 00:00:00,215.699997,18128700,179972,240
2020-07-07 00:00:00,215.949997,33702900,179301,236.509995
2020-07-08 00:00:00,223.600006,16491600,171290,257.679993
2020-07-09 00:00:00,240,39922700,156892,261.579987
2020-07-10 00:00:00,236.509995,36803900,178678,261.01001
2020-07-13 00:00:00,257.679993,20335000,196390,251.669998
2020-07-14 00:00:00,261.579987,21568700,170941,248.580002
2020-07-15 00:00:00,261.01001,19782600,176856,249.210007
2020-07-16 00:00:00,251.669998,12614700,209332,242.5
2020-07-17 00:00:00,248.580002,18032100,229497,247.139999
2020-07-20 00:00:00,249.210007,18742400,215479,254.809998
2020-07-21 00:00:00,242.5,19015000,195799,257.899994
2020-07-22 00:00:00,247.139999,17120700,191645,251.699997
2020-07-23 00:00:00,254.809998,19682200,227102,251.880005
2020-07-24 00:00:00,257.899994,25712000,242278,249
2020-07-27 00:00:00,251.699997,17221500,230440,250.860001
2020-07-28 00:00:00,251.880005,18966900,208340,249.050003
2020-07-29 00:00:00,249,9878700,205775,252.449997
2020-07-30 00:00:00,250.860001,11493600,249916,252.740005
2020-07-31 00:00:00,249.050003,7032900,285692,251.020004
2020-08-03 00:00:00,252.449997,12304100,256234,257.940002
2020-08-04 00:00:00,252.740005,11530300,219531,262.200012
2020-08-05 00:00:00,251.020004,10994500,225313,264.910004
2020-08-06 00:00:00,257.940002,10673800,261629,265.679993
2020-08-07 00:00:00,262.200012,10359500,297440,252.100006
2020-08-10 00:00:00,264.910004,22529600,263194,248.130005
2020-08-11 00:00:00,265.679993,13621700,226841,248.419998
2020-08-12 00:00:00,252.100006,10681800,214629,255.190002
2020-08-13 00:00:00,248.130005,11112300,272010,253.720001
2020-08-14 00:00:00,248.419998,8794500,287089,253.970001
2020-08-17 00:00:00,255.190002,7876400,267940,256.959991
2020-08-18 00:00:00,253.720001,9760000,224546,259.200012
2020-08-19 00:00:00,253.970001,13267800,227973,260.589996
2020-08-20 00:00:00,256.959991,14096500,292073,257.970001
2020-08-21 00:00:00,259.200012,21460800,292694,265.799988
2020-08-24 00:00:00,260.589996,25648200,262802,276.019989
2020-08-25 00:00:00,257.970001,22475800,224568,286
2020-08-26 00:00:00,265.799988,27535500,224983,291.959991
2020-08-27 00:00:00,276.019989,19530300,280276,284.170013
2020-08-28 00:00:00,286,14805800,283840,289
2020-08-31 00:00:00,291.959991,9681500,266161,287.029999
2020-09-01 00:00:00,284.170013,13253800,225050,298
2020-09-02 00:00:00,289,13797100,229095,296.070007
2020-09-03 00:00:00,287.029999,12638600,284554,282.5
2020-09-04 00:00:00,298,16766200,284884,281.390015
2020-09-08 00:00:00,296.070007,15885800,277668,270.019989
2020-09-09 00:00:00,282.5,12734000,225359,273.149994
2020-09-10 00:00:00,281.390015,9465700,269398,267.549988
2020-09-11 00:00:00,270.019989,10676800,295144,271.609985
2020-09-14 00:00:00,273.149994,9412800,294649,274.100006
2020-09-15 00:00:00,267.549988,7883300,235169,277.959991
2020-09-16 00:00:00,271.609985,8291400,241257,278.140015
2020-09-17 00:00:00,274.100006,9583500,272187,275.720001
2020-09-18 00:00:00,277.959991,8016900,300525,272.410004
2020-09-21 00:00:00,278.140015,11753500,296939,273.820007
2020-09-22 00:00:00,275.720001,9076400,257617,275.290009
2020-09-23 00:00:00,272.410004,9673300,269880,272.950012
2020-09-24 00:00:00,273.820007,7353200,314282,269.730011
2020-09-25 00:00:00,275.290009,9562100,320029,271.089996
2020-09-28 00:00:00,272.950012,11466600,296565,276.01001
2020-09-29 00:00:00,269.730011,8761700,254796,276.929993
2020-09-30 00:00:00,271.089996,7673300,272786,293.980011
2020-10-01 00:00:00,276.01001,24777700,323757,290.049988
2020-10-02 00:00:00,276.929993,16304000,312343,288.170013
2020-10-05 00:00:00,293.980011,11482800,290887,288.269989
2020-10-06 00:00:00,290.049988,17876400,257859,292.390015
2020-10-07 00:00:00,288.170013,15860400,283760,296.5
2020-10-08 00:00:00,288.269989,16669300,327076,300.540009
2020-10-09 00:00:00,292.390015,15105800,329070,299.73999
2020-10-12 00:00:00,296.5,11442200,307182,306.339996
2020-10-13 00:00:00,300.540009,14780100,273707,308.779999
2020-10-14 00:00:00,299.73999,10898500,309915,301.040009
2020-10-15 00:00:00,306.339996,15157800,371136,299.459991
2020-10-16 00:00:00,308.779999,9709900,359450,307.309998
2020-10-19 00:00:00,301.040009,12338000,337404,305.290009
2020-10-20 00:00:00,299.459991,14107300,319017,309.809998
2020-10-21 00:00:00,307.309998,8806100,340086,307.970001
2020-10-22 00:00:00,305.290009,11139700,375662,306.279999
2020-10-23 00:00:00,309.809998,8008400,392402,309.920013
2020-10-26 00:00:00,307.970001,6231400,380844,306.869995
2020-10-27 00:00:00,306.279999,9350100,360715,317.140015
2020-10-28 00:00:00,309.920013,13175900,430272,307.940002
2020-10-29 00:00:00,306.869995,13644500,482991,312.559998
2020-10-30 00:00:00,317.140015,11174500,469332,304.690002
2020-11-02 00:00:00,307.940002,14918500,458520,310.839996
2020-11-03 00:00:00,312.559998,11857600,420273,285.570007
2020-11-04 00:00:00,304.690002,58132500,497468,295.709991
2020-11-05 00:00:00,310.839996,28791200,537814,287.75
2020-11-06 00:00:00,285.570007,50065200,532073,299.950012
2020-11-09 00:00:00,295.709991,25259600,484161,290.529999
2020-11-10 00:00:00,287.75,22559900,514688,266.540009
2020-11-11 00:00:00,299.950012,61064000,519484,265.649994
2020-11-12 00:00:00,290.529999,41699000,562872,264.309998
2020-11-13 00:00:00,266.540009,27119100,562585,260.839996
2020-11-16 00:00:00,265.649994,33942800,534252,258.309998
2020-11-17 00:00:00,264.309998,20864200,450630,256.799988
2020-11-18 00:00:00,260.839996,19739500,557714,255.830002
2020-11-19 00:00:00,258.309998,28307100,603118,259.890015
2020-11-20 00:00:00,256.799988,20752800,634203,270.73999
2020-11-23 00:00:00,255.830002,34178400,545813,270.109985
2020-11-24 00:00:00,259.890015,25317100,490919,279.959991
2020-11-25 00:00:00,270.73999,20660500,553056,277.720001
2020-11-27 00:00:00,270.109985,15229300,615829,276.480011
2020-11-30 00:00:00,279.959991,9583200,620223,263.359985
2020-12-01 00:00:00,277.720001,30476100,549802,264.01001
2020-12-02 00:00:00,276.480011,14573100,495012,261.320007
2020-12-03 00:00:00,263.359985,13919700,568721,266.910004
2020-12-04 00:00:00,264.01001,15520500,656939,267.25
2020-12-07 00:00:00,261.320007,15527600,538343,264
2020-12-08 00:00:00,266.910004,11388700,484525,266.089996
2020-12-09 00:00:00,267.25,9447700,546724,263.799988
2020-12-10 00:00:00,264,9060700,639660,264.869995
2020-12-11 00:00:00,266.089996,10290300,667134,264.540009
2020-12-14 00:00:00,263.799988,7771300,590173,256.029999
2020-12-15 00:00:00,264.869995,18369900,521690,255.110001
2020-12-16 00:00:00,264.540009,16595600,576942,261.890015
2020-12-17 00:00:00,256.029999,15804800,670981,264.429993
2020-12-18 00:00:00,255.110001,14306600,679159,260
2020-12-21 00:00:00,261.890015,15981800,605688,260.429993
2020-12-22 00:00:00,264.429993,10901800,527612,255.830002
2020-12-23 00:00:00,260,11468400,617640,256.179993
2020-12-24 00:00:00,260.429993,10729200,662335,222
2020-12-28 00:00:00,255.830002,141830000,734980,222.360001
2020-12-29 00:00:00,256.179993,73512100,587271,236.259995
2020-12-30 00:00:00,222,69715900,549717,238.389999
2020-12-31 00:00:00,222.360001,44812300,595420,232.729996
2021-01-04 00:00:00,236.259995,23451800,670786,227.850006
2021-01-05 00:00:00,238.389999,24897900,491410,240.399994
2021-01-06 00:00:00,232.729996,35823800,494038,227.610001
2021-01-07 00:00:00,227.850006,37146100,579122,226.899994
2021-01-08 00:00:00,240.399994,49361800,732358,236.190002
2021-01-11 00:00:00,227.610001,34884900,623886,227.369995
2021-01-12 00:00:00,226.899994,23036900,574057,225.600006
2021-01-13 00:00:00,236.190002,18969900,642866,235.300003
2021-01-14 00:00:00,227.369995,38805100,782446,242.979996
2021-01-15 00:00:00,225.600006,31381600,763448,243.460007
2021-01-19 00:00:00,235.300003,21561600,683942,251.649994
2021-01-20 00:00:00,242.979996,23681900,595130,265.48999
2021-01-21 00:00:00,243.460007,44640800,640691,260
2021-01-22 00:00:00,251.649994,20709900,737593,258.619995
2021-01-25 00:00:00,265.48999,13518200,722110,261.380005
2021-01-26 00:00:00,260,19478600,535422,265.920013
2021-01-27 00:00:00,258.619995,14681200,548708,260.25
2021-01-28 00:00:00,261.380005,16050400,629057,260.76001
2021-01-29 00:00:00,265.920013,10244900,656852,253.830002
2021-02-01 00:00:00,260.25,14693000,545532,264.690002
2021-02-02 00:00:00,260.76001,15289300,440252,254.5
2021-02-03 00:00:00,253.830002,30534300,496857,263.429993
2021-02-04 00:00:00,264.690002,29179700,588944,266.959991
2021-02-05 00:00:00,254.5,16763000,588692,265.670013
2021-02-08 00:00:00,263.429993,11018700,494940,262.589996
2021-02-09 00:00:00,266.959991,10721100,380806,266.48999
2021-02-10 00:00:00,265.670013,12432800,435822,267.790009
2021-02-11 00:00:00,262.589996,13090800,491224,268.929993
2021-02-12 00:00:00,266.48999,15295800,483657,267.850006
2021-02-16 00:00:00,267.790009,9355100,395948,270.700012
2021-02-17 00:00:00,268.929993,16708700,329866,270.829987
2021-02-18 00:00:00,267.850006,13262400,350140,264.51001
2021-02-19 00:00:00,270.700012,15382300,417583,263.589996
2021-02-22 00:00:00,270.829987,14718400,422284,254
2021-02-23 00:00:00,264.51001,14403500,293725,252.75
2021-02-24 00:00:00,263.589996,15980300,322519,250.339996
2021-02-25 00:00:00,254,12831700,375358,240.179993
2021-02-26 00:00:00,252.75,17967300,389948,237.759995
2021-03-01 00:00:00,250.339996,17470700,352528,241.690002
2021-03-02 00:00:00,240.179993,14043300,307306,234.419998
2021-03-03 00:00:00,237.759995,14644200,342780,236.270004
2021-03-04 00:00:00,241.690002,13571700,417899,230.5
2021-03-05 00:00:00,234.419998,22964800,424900,233.889999
2021-03-08 00:00:00,236.270004,15988400,364689,226.690002
2021-03-09 00:00:00,230.5,17138400,309099,238.139999
2021-03-10 00:00:00,233.889999,15291300,357055,234.300003
2021-03-11 00:00:00,226.690002,10491200,422517,240.800003
2021-03-12 00:00:00,238.139999,15162500,424465,231.869995
2021-03-15 00:00:00,234.300003,17778400,370630,230.279999
2021-03-16 00:00:00,240.800003,14499700,365343,226.929993
2021-03-17 00:00:00,231.869995,19336600,364563,233.339996
2021-03-18 00:00:00,230.279999,16949500,454276,236.429993
2021-03-19 00:00:00,226.929993,14822300,470097,239.789993
2021-03-22 00:00:00,233.339996,15959700,408247,237.119995
2021-03-23 00:00:00,236.429993,12063200,364735,237.669998
2021-03-24 00:00:00,239.789993,12295600,422342,229.589996
2021-03-25 00:00:00,237.119995,15949900,521533,222.720001
2021-03-26 00:00:00,237.669998,24819800,535602,227.259995
2021-03-29 00:00:00,229.589996,22030800,484006,231.860001
2021-03-30 00:00:00,222.720001,18029100,432658,229.25
2021-03-31 00:00:00,227.259995,14828700,503962,226.729996
2021-04-01 00:00:00,231.860001,16825400,596485,224.360001
2021-04-05 00:00:00,229.25,23497500,607506,225.300003
2021-04-06 00:00:00,226.729996,14962100,542786,230.570007
2021-04-07 00:00:00,224.360001,18100400,473466,225.419998
2021-04-08 00:00:00,225.300003,18034900,535406,228.240005
2021-04-09 00:00:00,230.570007,12211300,646586,223.309998
2021-04-12 00:00:00,225.419998,19763000,553479,244.009995
2021-04-13 00:00:00,228.240005,57500300,481647,241.889999
2021-04-14 00:00:00,223.309998,20793000,567614,239.229996
2021-04-15 00:00:00,244.009995,12405200,716504,239.089996
2021-04-16 00:00:00,241.889999,11288900,750025,238.690002
2021-04-19 00:00:00,239.229996,14418800,681104,234.779999
2021-04-20 00:00:00,239.089996,11216000,615780,229.880005
2021-04-21 00:00:00,238.690002,12093900,692416,229.440002
2021-04-22 00:00:00,234.779999,14315900,810070,229.350006
2021-04-23 00:00:00,229.880005,11986200,803273,232.080002
2021-04-26 00:00:00,229.440002,8967000,752879,232.699997
2021-04-27 00:00:00,229.350006,7792900,711964,235.919998
2021-04-28 00:00:00,232.080002,11646300,764118,236.720001
2021-04-29 00:00:00,232.699997,9187700,884027,234.179993
2021-04-30 00:00:00,235.919998,9552800,895029,230.949997
2021-05-03 00:00:00,236.720001,9326400,797484,230.710007
2021-05-04 00:00:00,234.179993,13620900,698126,227.899994
